,Date,Open,High,Low,Close,Adj Close,Volume
0,2017-12-12,77.57,77.580002,76.93,77.0,75.540009,2246600
1,2017-12-13,77.220001,77.620003,76.739998,76.75,75.294746,2245600
2,2017-12-14,77.089996,77.089996,76.010002,76.019997,74.57859,1739500
3,2017-12-15,76.440002,77.370003,76.279999,77.089996,75.628311,3694500
4,2017-12-18,77.489998,78.57,77.379997,78.089996,76.609344,2275100
5,2017-12-19,78.389999,78.459999,77.629997,77.809998,76.334648,1449000
6,2017-12-20,77.919998,78.629997,77.559998,78.349998,76.864426,1327500
7,2017-12-21,78.489998,79.949997,78.489998,79.370003,77.865074,2047100
8,2017-12-22,79.379997,79.699997,79.25,79.349998,77.845451,1415700
9,2017-12-26,79.400002,79.959999,79.260002,79.370003,77.865074,909600
10,2017-12-27,79.459999,80.379997,79.32,80.150002,78.630295,939200
11,2017-12-28,80.18,80.540001,80.0,80.449997,78.924599,828900
12,2017-12-29,80.790001,80.940002,79.839996,79.860001,78.345779,1539700
13,2018-01-02,80.279999,80.339996,78.93,79.68,78.169205,1701500
14,2018-01-03,79.809998,80.900002,79.620003,80.849998,79.317017,1425600
15,2018-01-04,80.860001,81.230003,80.230003,80.25,78.728378,1548200
16,2018-01-05,80.239998,80.239998,78.910004,79.290001,77.786591,2273600
17,2018-01-08,80.300003,81.059998,79.529999,80.940002,79.405312,2483100
18,2018-01-09,81.110001,82.07,80.970001,81.93,80.376541,1354800
19,2018-01-10,81.660004,82.110001,81.389999,81.650002,80.101837,1745500
20,2018-01-11,81.980003,83.220001,81.639999,83.07,81.494919,3886400
21,2018-01-12,83.25,84.709999,83.099998,83.949997,82.358231,1870000
22,2018-01-16,84.57,84.989998,82.980003,83.400002,81.818665,1530600
23,2018-01-17,82.900002,84.510002,82.900002,84.029999,82.436699,1440300
24,2018-01-18,84.18,84.82,83.910004,83.949997,82.358231,1314400
25,2018-01-19,84.639999,86.050003,84.480003,85.489998,83.869034,2206800
26,2018-01-22,85.419998,85.790001,85.019997,85.769997,84.143715,1541400
27,2018-01-23,85.690002,86.980003,85.57,86.529999,84.889313,1632600
28,2018-01-24,86.800003,86.989998,85.129997,85.790001,84.163345,2134200
29,2018-01-25,86.040001,86.75,85.400002,86.629997,84.987419,1467800
30,2018-01-26,86.940002,87.690002,86.330002,87.690002,86.027328,944700
31,2018-01-29,87.440002,88.110001,87.029999,87.279999,85.625092,1599100
32,2018-01-30,86.5,87.43,86.360001,86.410004,84.771591,1678600
33,2018-01-31,86.519997,87.0,85.629997,85.650002,84.026016,1857400
34,2018-02-01,85.330002,86.290001,85.099998,85.760002,84.133911,2139900
35,2018-02-02,85.550003,85.800003,82.309998,82.650002,81.082886,2718400
36,2018-02-05,82.129997,83.010002,79.82,79.910004,78.394836,2386200
37,2018-02-06,78.580002,80.970001,77.779999,80.690002,79.160049,4634700
38,2018-02-07,80.989998,83.279999,80.540001,82.019997,80.464821,3526600
39,2018-02-08,81.949997,82.370003,78.639999,78.660004,77.168533,5065800
40,2018-02-09,79.230003,81.230003,77.559998,80.43,78.904961,3239100
41,2018-02-12,80.910004,82.160004,80.589996,81.82,80.268616,2435900
42,2018-02-13,81.739998,83.57,81.660004,83.209999,81.632263,2515600
43,2018-02-14,82.120003,87.110001,82.010002,85.970001,84.33992,3946800
44,2018-02-15,86.089996,86.309998,84.330002,84.559998,82.956665,3023900
45,2018-02-16,84.459999,84.720001,83.260002,83.269997,81.691109,2543100
46,2018-02-20,82.730003,84.699997,82.730003,84.309998,82.711411,1977800
47,2018-02-21,84.43,86.440002,84.260002,84.290001,82.691772,1772100
48,2018-02-22,84.739998,84.900002,83.120003,83.379997,81.799034,1863500
49,2018-02-23,83.75,83.970001,83.080002,83.809998,82.220886,1565700
50,2018-02-26,84.029999,84.290001,82.129997,82.139999,80.582542,2888400
51,2018-02-27,82.360001,82.620003,79.809998,79.839996,78.326164,3865900
52,2018-02-28,80.400002,82.080002,79.779999,80.790001,79.258156,4025700
53,2018-03-01,80.510002,80.660004,78.790001,79.349998,77.990257,2515200
54,2018-03-02,78.730003,79.120003,77.230003,78.900002,77.547958,2814000
55,2018-03-05,78.290001,78.690002,77.080002,78.220001,76.879623,2719000
56,2018-03-06,78.620003,79.370003,78.410004,78.940002,77.58728,2230600
57,2018-03-07,78.25,79.32,78.129997,79.199997,77.842819,1459500
58,2018-03-08,79.529999,79.889999,79.0,79.209999,77.852661,2322800
59,2018-03-09,80.010002,81.800003,79.709999,81.470001,80.073936,2912800
60,2018-03-12,81.519997,81.709999,80.690002,81.129997,79.739761,1836800
61,2018-03-13,81.419998,81.82,81.059998,81.25,79.857704,1641600
62,2018-03-14,81.470001,81.540001,81.050003,81.239998,79.847885,1594300
63,2018-03-15,81.400002,82.25,81.050003,81.889999,80.486732,2285800
64,2018-03-16,82.0,82.540001,81.440002,81.510002,80.113235,2204400
65,2018-03-19,81.309998,81.760002,80.879997,81.300003,79.906853,2027200
66,2018-03-20,81.610001,82.129997,81.269997,81.349998,79.955986,1028300
67,2018-03-21,81.300003,82.220001,81.190002,81.839996,80.437592,1233200
68,2018-03-22,81.25,81.599998,80.410004,80.440002,79.061584,3031600
69,2018-03-23,80.489998,80.559998,78.059998,78.169998,76.830475,1682800
70,2018-03-26,79.040001,80.080002,78.449997,79.980003,78.609459,1278200
71,2018-03-27,80.160004,80.550003,78.480003,78.790001,77.43985,1585700
72,2018-03-28,78.739998,78.959999,77.790001,78.309998,76.968071,2199000
73,2018-03-29,78.769997,79.529999,78.470001,78.760002,77.410362,2481600
74,2018-04-02,78.720001,79.040001,75.660004,77.07,75.749336,2722000
75,2018-04-03,77.5,77.940002,76.610001,77.529999,76.201439,2575600
76,2018-04-04,76.370003,78.330002,76.330002,78.029999,76.692879,3074700
77,2018-04-05,77.230003,79.370003,75.949997,79.040001,77.685577,6840100
78,2018-04-06,78.690002,79.290001,76.68,77.510002,76.181786,3295400
79,2018-04-09,76.839996,79.489998,76.0,76.150002,74.845085,7557400
80,2018-04-10,76.739998,76.790001,74.610001,75.010002,73.724625,11745800
81,2018-04-11,77.389999,80.349998,77.040001,79.610001,78.245804,52096400
82,2018-04-12,80.389999,80.940002,79.339996,79.949997,78.579979,10665700
83,2018-04-13,80.489998,81.330002,78.25,79.610001,78.245804,14439600
84,2018-04-16,80.089996,80.669998,79.599998,80.529999,79.15004,4265300
85,2018-04-17,81.449997,82.410004,80.690002,81.160004,79.769234,3876700
86,2018-04-18,81.669998,82.989998,81.529999,82.18,80.771759,3523800
87,2018-04-19,82.0,82.800003,81.690002,81.980003,80.575188,2552100
88,2018-04-20,82.050003,82.669998,81.660004,82.330002,80.919182,2257600
89,2018-04-23,82.279999,82.529999,81.82,82.089996,80.683296,1795400
90,2018-04-24,82.599998,83.120003,80.879997,82.040001,80.634163,4170200
91,2018-04-25,81.720001,82.349998,81.349998,81.830002,80.427765,2865400
92,2018-04-26,81.93,82.790001,80.480003,81.93,80.526054,5691200
93,2018-04-27,82.349998,82.57,79.989998,80.169998,78.796196,4380100
94,2018-04-30,80.300003,80.739998,78.790001,78.839996,77.488998,3476400
95,2018-05-01,78.760002,80.309998,78.660004,80.239998,78.865005,3243800
96,2018-05-02,79.959999,80.660004,79.260002,79.449997,78.088531,2916700
97,2018-05-03,79.239998,80.18,78.440002,79.870003,78.501358,3083100
98,2018-05-04,79.599998,81.519997,79.080002,81.160004,79.769234,2639600
99,2018-05-07,81.599998,81.599998,80.849998,81.349998,79.955986,2087600
100,2018-05-08,81.470001,82.650002,80.919998,82.43,81.017471,3219600
101,2018-05-09,82.970001,83.199997,81.610001,82.849998,81.430275,2410400
102,2018-05-10,83.160004,83.230003,82.309998,82.760002,81.489349,2207800
103,2018-05-11,82.830002,83.739998,82.470001,83.510002,82.227844,1750400
104,2018-05-14,83.489998,83.730003,82.730003,82.970001,81.696136,2590500
105,2018-05-15,82.82,83.25,82.589996,83.019997,81.745354,1908600
106,2018-05-16,83.120003,84.419998,82.629997,84.199997,82.907242,2379200
107,2018-05-17,84.389999,84.400002,83.129997,83.300003,82.021072,1309300
108,2018-05-18,83.629997,84.68,82.400002,83.839996,82.552765,8072300
109,2018-05-21,84.459999,84.580002,83.239998,83.919998,82.631554,2129700
110,2018-05-22,84.089996,84.25,82.620003,82.760002,81.489349,1645200
111,2018-05-23,82.690002,82.800003,81.989998,82.330002,81.065956,2283800
112,2018-05-24,82.480003,82.940002,81.989998,82.029999,80.770561,2888700
113,2018-05-25,81.849998,82.389999,81.43,81.830002,80.573647,1892700
114,2018-05-29,80.970001,81.57,80.010002,80.330002,79.096664,2184800
115,2018-05-30,80.849998,82.029999,80.849998,81.730003,80.475182,2049800
116,2018-05-31,81.599998,81.639999,80.57,80.709999,79.470825,2874200
117,2018-06-01,81.089996,83.110001,81.089996,82.650002,81.38105,2495200
118,2018-06-04,83.18,83.309998,82.279999,83.190002,81.91275,1716200
119,2018-06-05,82.900002,83.830002,82.720001,83.07,81.794601,1911400
120,2018-06-06,83.040001,84.730003,82.879997,84.68,83.379875,3572900
121,2018-06-07,84.879997,84.879997,83.699997,84.169998,82.877701,1772700
122,2018-06-08,84.089996,84.410004,83.400002,84.139999,82.848183,1677800
123,2018-06-11,84.230003,84.5,83.800003,83.989998,82.700462,1792300
124,2018-06-12,84.5,84.879997,82.669998,83.809998,82.523232,3559300
125,2018-06-13,84.0,84.029999,82.32,82.730003,81.459831,3605200
126,2018-06-14,83.120003,83.440002,82.730003,82.93,81.656746,2126300
127,2018-06-15,82.75,84.019997,82.330002,83.839996,82.552765,2953200
128,2018-06-18,83.089996,84.419998,83.089996,84.330002,83.035248,1854400
129,2018-06-19,83.68,83.839996,82.050003,82.980003,81.705986,2104500
130,2018-06-20,83.190002,83.919998,81.980003,82.010002,80.750877,3178800
131,2018-06-21,81.919998,82.309998,80.779999,81.019997,79.77607,3822800
132,2018-06-22,81.620003,81.720001,80.529999,80.870003,79.628387,2755900
133,2018-06-25,80.059998,80.550003,78.68,79.269997,78.05294,3203000
134,2018-06-26,79.290001,79.720001,78.949997,79.190002,77.974174,3457300
135,2018-06-27,79.550003,79.900002,78.199997,78.260002,77.058441,3220400
136,2018-06-28,78.120003,78.25,76.790001,78.25,77.048599,5142900
137,2018-06-29,78.379997,79.989998,78.129997,79.160004,77.944618,3544900
138,2018-07-02,78.489998,79.309998,77.519997,79.300003,78.082481,3065800
139,2018-07-03,79.419998,79.82,79.010002,79.449997,78.230171,1719600
140,2018-07-05,79.650002,79.940002,78.849998,79.690002,78.466499,3350600
141,2018-07-06,79.529999,81.0,79.400002,80.559998,79.323128,2278500
142,2018-07-09,81.010002,81.68,80.559998,80.940002,79.697296,2949900
143,2018-07-10,80.940002,82.290001,80.879997,81.279999,80.032089,2915100
144,2018-07-11,80.5,81.0,80.019997,80.610001,79.372368,3803800
145,2018-07-12,81.0,81.129997,80.349998,81.0,79.756386,3367900
146,2018-07-13,80.989998,81.160004,80.669998,80.970001,79.726845,2124700
147,2018-07-16,81.18,81.18,79.790001,80.080002,78.850494,2285600
148,2018-07-17,80.220001,81.169998,79.800003,81.07,79.82531,3353300
149,2018-07-18,81.209999,83.25,81.209999,82.959999,81.686279,5303800
150,2018-07-19,83.0,83.489998,81.970001,82.139999,80.878876,2773400
151,2018-07-20,81.949997,82.709999,81.580002,81.959999,80.70163,2435600
152,2018-07-23,82.0,82.260002,81.540001,81.610001,80.357018,3686800
153,2018-07-24,81.650002,81.839996,79.68,80.489998,79.254196,4260700
154,2018-07-25,80.07,80.550003,77.639999,80.370003,79.136047,5891600
155,2018-07-26,79.919998,80.690002,79.269997,79.610001,78.387726,2774500
156,2018-07-27,79.910004,80.209999,78.190002,78.449997,77.245522,2683400
157,2018-07-30,78.129997,78.599998,77.07,77.279999,76.093498,3132200
158,2018-07-31,77.419998,78.830002,77.410004,78.660004,77.452301,2744000
159,2018-08-01,79.199997,79.470001,78.230003,78.540001,77.334152,2667200
160,2018-08-02,77.860001,78.440002,77.120003,78.440002,77.235687,3687600
161,2018-08-03,78.480003,78.589996,77.879997,78.18,76.979668,1969100
162,2018-08-06,78.059998,78.260002,77.57,78.129997,76.930443,3835100
163,2018-08-07,77.660004,78.110001,76.940002,77.599998,76.408585,3777900
164,2018-08-08,77.660004,78.099998,76.169998,76.889999,75.70948,2935100
165,2018-08-09,76.839996,77.080002,75.970001,76.150002,75.127403,3906400
166,2018-08-10,76.089996,76.419998,75.389999,75.650002,74.634132,3268300
167,2018-08-13,75.639999,76.080002,74.839996,75.309998,74.298683,3066500
168,2018-08-14,75.620003,76.739998,75.040001,76.540001,75.512161,2763700
169,2018-08-15,75.919998,76.389999,75.489998,76.220001,75.196465,2919400
170,2018-08-16,76.919998,77.919998,76.580002,77.239998,76.202766,3373600
171,2018-08-17,76.529999,77.300003,75.970001,77.199997,76.1633,1964800
172,2018-08-20,77.190002,77.540001,76.120003,76.290001,75.265541,2430700
173,2018-08-21,76.220001,77.25,76.220001,76.730003,75.699631,2324900
174,2018-08-22,76.540001,77.410004,76.379997,77.199997,76.1633,2540500
175,2018-08-23,77.220001,77.419998,76.5,76.769997,75.739075,3009600
176,2018-08-24,76.769997,77.599998,76.769997,77.110001,76.074524,2149200
177,2018-08-27,77.639999,78.160004,77.470001,77.760002,76.71579,1865300
178,2018-08-28,77.93,78.010002,77.169998,77.470001,76.42968,1241700
179,2018-08-29,77.550003,78.360001,77.379997,78.18,77.130135,1831600
180,2018-08-30,78.18,78.190002,77.269997,77.580002,76.5382,1398100
181,2018-08-31,77.339996,78.040001,77.339996,77.620003,76.577667,2496900
182,2018-09-04,77.629997,77.699997,76.669998,77.160004,76.123856,1887000
183,2018-09-05,76.839996,76.970001,75.68,75.720001,74.703186,3076600
184,2018-09-06,75.900002,76.239998,75.160004,75.690002,74.673584,4244200
185,2018-09-07,75.389999,76.620003,75.389999,76.440002,75.413513,2974000
186,2018-09-10,76.790001,77.029999,76.160004,76.589996,75.561501,2029700
187,2018-09-11,76.290001,77.459999,76.239998,77.410004,76.370491,2774900
188,2018-09-12,77.25,78.07,77.059998,77.959999,76.913101,3110900
189,2018-09-13,78.43,79.919998,78.360001,78.940002,77.879944,3745600
190,2018-09-14,79.050003,80.220001,79.040001,80.059998,78.984894,3229500
191,2018-09-17,80.169998,80.25,79.050003,79.099998,78.037781,3395000
192,2018-09-18,79.199997,79.639999,78.949997,79.389999,78.323891,2703400
193,2018-09-19,79.519997,80.540001,79.519997,80.43,79.34993,2327500
194,2018-09-20,80.660004,81.339996,80.169998,81.080002,79.991196,3516900
195,2018-09-21,81.550003,82.0,80.82,80.959999,79.872803,6804400
196,2018-09-24,80.690002,80.720001,79.550003,80.160004,79.083565,2265300
197,2018-09-25,80.400002,80.510002,79.870003,80.110001,79.034218,2533300
198,2018-09-26,80.279999,81.099998,79.919998,80.660004,79.576851,2168200
199,2018-09-27,80.370003,82.18,80.330002,82.040001,80.938316,2654100
200,2018-09-28,81.769997,81.809998,80.690002,80.779999,79.695236,4263000
201,2018-10-01,81.339996,81.339996,78.379997,78.389999,77.337326,4116900
202,2018-10-02,78.330002,78.889999,77.050003,77.080002,76.044922,4398400
203,2018-10-03,77.389999,77.57,76.5,76.550003,75.522049,4619600
204,2018-10-04,76.57,76.760002,74.57,75.410004,74.397354,4779400
205,2018-10-05,75.459999,75.790001,73.519997,74.379997,73.381157,3622200
206,2018-10-08,74.230003,75.029999,73.620003,74.949997,73.94352,5211700
207,2018-10-09,75.0,75.660004,74.779999,75.230003,74.219765,6063700
208,2018-10-10,74.660004,75.199997,73.300003,73.400002,72.41433,7380600
209,2018-10-11,73.199997,73.540001,72.07,73.099998,72.118362,5937600
210,2018-10-12,74.239998,74.349998,72.720001,73.620003,72.631378,3676400
211,2018-10-15,73.339996,73.610001,72.970001,72.989998,72.009834,2994000
212,2018-10-16,73.550003,74.690002,73.010002,74.629997,73.627815,1927400
213,2018-10-17,74.480003,74.959999,73.690002,74.519997,73.519295,1777700
214,2018-10-18,74.529999,74.529999,71.940002,72.050003,71.082458,3723200
215,2018-10-19,71.800003,72.010002,70.5,70.660004,69.711136,7482000
216,2018-10-22,70.620003,70.970001,70.019997,70.160004,69.21785,4126100
217,2018-10-23,68.870003,69.449997,66.870003,68.870003,67.945175,8984600
218,2018-10-24,69.18,70.629997,63.759998,63.82,62.962986,13473000
219,2018-10-25,66.75,68.220001,66.010002,67.550003,66.642891,11014300
220,2018-10-26,67.169998,69.580002,66.360001,68.269997,67.353218,5634300
221,2018-10-29,68.919998,70.019997,67.68,68.599998,67.678795,6077500
222,2018-10-30,68.599998,69.629997,67.860001,68.699997,67.777443,3200500
223,2018-10-31,69.93,72.419998,69.690002,71.169998,70.214287,5039300
224,2018-11-01,71.480003,72.959999,71.230003,72.650002,71.6744,3044300
225,2018-11-02,73.160004,74.120003,72.129997,72.82,71.842133,2982300
226,2018-11-05,72.480003,72.650002,71.760002,72.400002,71.427765,2633100
227,2018-11-06,71.309998,71.75,69.550003,70.589996,69.642075,3991600
228,2018-11-07,71.129997,72.989998,71.050003,72.970001,71.990112,2263300
229,2018-11-08,72.489998,72.760002,71.540001,72.019997,71.199234,2369400
230,2018-11-09,71.709999,72.139999,70.760002,71.160004,70.34903,3249400
231,2018-11-12,71.160004,71.400002,70.040001,70.190002,69.390076,4186300
232,2018-11-13,70.660004,71.800003,70.220001,70.860001,70.052452,2346600
233,2018-11-14,71.559998,72.279999,70.790001,71.080002,70.269936,3790700
234,2018-11-15,70.529999,72.989998,70.349998,72.889999,72.059311,4069800
235,2018-11-16,72.32,73.339996,72.199997,73.040001,72.207596,4737900
236,2018-11-19,72.93,73.18,70.629997,71.199997,70.388565,4401500
237,2018-11-20,70.169998,71.800003,69.809998,71.489998,70.675262,5740100
238,2018-11-21,71.970001,73.269997,71.57,72.57,71.74295,2499500
239,2018-11-23,72.199997,73.449997,72.199997,73.120003,72.28669,1095300
240,2018-11-26,73.860001,75.239998,73.779999,75.089996,74.234238,3508400
241,2018-11-27,74.519997,75.879997,74.519997,75.169998,74.313316,5549600
242,2018-11-28,75.25,77.080002,75.010002,76.949997,76.073044,4285900
243,2018-11-29,76.830002,76.989998,75.839996,76.459999,75.588631,1970300
244,2018-11-30,75.75,76.370003,74.690002,75.540001,74.679115,4767500
245,2018-12-03,76.989998,78.169998,76.650002,77.970001,77.081421,2836500
246,2018-12-04,77.580002,77.800003,74.889999,75.150002,74.293556,4194200
247,2018-12-06,73.669998,75.629997,73.309998,75.589996,74.728554,2342900
248,2018-12-07,75.239998,75.940002,72.379997,72.860001,72.02964,3067700
249,2018-12-10,73.010002,73.730003,71.5,72.669998,71.84182,3278000
250,2018-12-11,74.110001,74.419998,71.989998,72.400002,71.57489,3296400
251,2018-12-12,73.389999,74.559998,72.709999,72.779999,71.950562,2004500
252,2018-12-13,73.230003,73.32,72.059998,72.220001,71.396965,1785200
253,2018-12-14,71.440002,73.010002,71.440002,71.860001,71.041039,2524300
254,2018-12-17,71.75,72.989998,69.860001,70.269997,69.469162,4462400
255,2018-12-18,70.790001,71.440002,70.080002,70.489998,69.686668,2402000
256,2018-12-19,70.760002,72.110001,68.940002,69.660004,68.866127,4020800
257,2018-12-20,68.580002,69.080002,66.519997,67.5,66.730736,4862900
258,2018-12-21,67.889999,68.529999,65.75,66.470001,65.712479,5417300
259,2018-12-24,66.059998,67.800003,65.639999,66.510002,65.752022,2015800
260,2018-12-26,66.790001,69.580002,66.279999,69.510002,68.717827,2606200
261,2018-12-27,68.620003,70.349998,67.779999,70.330002,69.528503,2203300
262,2018-12-28,70.919998,71.82,70.379997,70.949997,70.141411,2165800
263,2018-12-31,71.410004,72.040001,70.769997,71.800003,70.981735,2138700
264,2019-01-02,70.690002,71.440002,70.150002,70.940002,70.131531,3629500
265,2019-01-03,70.449997,70.620003,67.18,67.300003,66.533028,5629200
266,2019-01-04,68.410004,70.050003,68.25,69.940002,69.142929,4110700
267,2019-01-07,69.699997,71.360001,69.120003,70.739998,69.933815,3171200
268,2019-01-08,71.760002,72.129997,70.830002,71.860001,71.041039,6213000
269,2019-01-09,71.910004,72.339996,70.919998,71.040001,70.2304,1760900
270,2019-01-10,70.5,72.510002,70.230003,72.07,71.248657,2409600
271,2019-01-11,71.489998,72.209999,71.25,71.889999,71.070709,2191200
272,2019-01-14,71.400002,71.760002,70.589996,70.989998,70.180962,2943300
273,2019-01-15,71.190002,72.510002,70.959999,72.5,71.673767,2376300
274,2019-01-16,72.720001,73.199997,72.010002,72.040001,71.219009,3326000
275,2019-01-17,71.610001,72.440002,71.410004,72.0,71.179459,2579300
276,2019-01-18,72.510002,73.309998,72.190002,73.080002,72.247147,2561400
277,2019-01-22,72.720001,73.110001,70.739998,71.010002,70.200737,3260500
278,2019-01-23,71.349998,71.860001,70.160004,70.730003,69.923935,3359500
279,2019-01-24,70.849998,71.239998,70.309998,71.059998,70.25016,2560200
280,2019-01-25,71.809998,72.059998,70.889999,71.760002,70.942192,3155900
281,2019-01-28,71.199997,72.989998,71.199997,72.309998,71.485916,1919500
282,2019-01-29,72.300003,73.269997,71.790001,73.150002,72.316353,1766200
283,2019-01-30,73.639999,74.660004,73.339996,74.129997,73.285187,3939200
284,2019-01-31,74.139999,75.190002,73.809998,74.480003,73.631187,2533900
285,2019-02-01,74.410004,75.040001,73.949997,74.419998,73.571869,3478200
286,2019-02-04,74.5,74.940002,74.139999,74.730003,73.878342,3136600
287,2019-02-05,74.800003,75.160004,74.419998,74.620003,73.769592,2088800
288,2019-02-06,74.629997,75.75,74.629997,75.57,74.708786,2061400
289,2019-02-07,74.790001,75.010002,73.5,74.68,73.828926,2444900
290,2019-02-08,74.07,74.720001,73.480003,73.910004,73.067696,2723500
291,2019-02-11,74.110001,75.080002,74.080002,74.400002,73.552094,3526900
292,2019-02-12,74.660004,75.230003,73.93,74.32,73.473015,3117400
293,2019-02-13,77.599998,79.709999,77.239998,79.370003,78.465462,5722900
294,2019-02-14,79.68,80.269997,78.589996,80.160004,79.246468,3729900
295,2019-02-15,81.0,82.139999,80.75,81.75,80.818344,3387400
296,2019-02-19,81.129997,82.18,80.93,81.389999,80.462433,3863800
297,2019-02-20,81.860001,83.480003,81.089996,83.339996,82.390213,4124100
298,2019-02-21,83.230003,83.779999,82.389999,83.25,82.301254,2199600
299,2019-02-22,83.519997,85.370003,83.220001,85.029999,84.060959,2639200
300,2019-02-25,85.650002,85.870003,83.419998,83.550003,82.597839,2244800
301,2019-02-26,83.559998,84.839996,83.339996,83.489998,82.538506,2368600
302,2019-02-27,83.150002,83.830002,83.029999,83.489998,82.538506,2241400
303,2019-02-28,82.93,83.550003,82.760002,83.099998,82.300819,1796800
304,2019-03-01,83.93,84.349998,83.209999,83.779999,82.974266,1972000
305,2019-03-04,84.279999,84.400002,82.489998,83.379997,82.578117,2265100
306,2019-03-05,83.610001,84.139999,83.139999,84.010002,83.202065,1773500
307,2019-03-06,84.129997,84.489998,83.68,83.959999,83.15255,1713400
308,2019-03-07,83.629997,83.769997,82.300003,82.919998,82.122543,2269500
309,2019-03-08,82.269997,82.589996,81.660004,82.449997,81.657074,1970000
310,2019-03-11,82.769997,82.980003,82.110001,82.800003,82.003708,2246300
311,2019-03-12,83.129997,83.599998,82.349998,83.410004,82.607849,2266900
312,2019-03-13,83.82,84.730003,83.43,83.669998,82.865334,2345300
313,2019-03-14,84.510002,85.07,83.760002,85.0,84.182541,2363100
314,2019-03-15,85.0,86.080002,84.989998,85.760002,84.935234,3775200
315,2019-03-18,86.129997,87.089996,85.889999,86.209999,85.380905,1983500
316,2019-03-19,86.400002,86.900002,85.57,85.699997,84.875809,1433000
317,2019-03-20,85.769997,85.769997,84.339996,84.919998,84.10331,2879700
318,2019-03-21,84.489998,85.82,84.370003,85.790001,84.964958,2076200
319,2019-03-22,85.370003,85.580002,84.230003,84.57,83.756676,3209500
320,2019-03-25,84.650002,84.720001,83.639999,84.019997,83.211967,1488500
321,2019-03-26,84.160004,84.160004,82.889999,83.5,82.696968,3342400
322,2019-03-27,83.5,83.809998,81.720001,82.449997,81.657074,3627200
323,2019-03-28,82.599998,83.379997,82.540001,83.209999,82.409767,1965800
324,2019-03-29,82.919998,83.849998,82.879997,83.110001,82.310715,2857100
325,2019-04-01,83.940002,84.870003,83.529999,84.150002,83.340721,3434400
326,2019-04-02,84.099998,85.220001,83.860001,85.040001,84.22216,3389100
327,2019-04-03,85.620003,87.029999,85.330002,86.790001,85.95533,2853800
328,2019-04-04,87.160004,87.639999,86.82,87.309998,86.470329,2016100
329,2019-04-05,87.449997,88.089996,87.199997,87.440002,86.599075,2618400
330,2019-04-08,87.730003,88.25,87.089996,88.18,87.331963,1561400
331,2019-04-09,87.860001,88.129997,86.93,87.099998,86.262344,2480400
332,2019-04-10,87.190002,88.089996,87.050003,87.989998,87.143791,1039600
333,2019-04-11,88.279999,88.690002,87.959999,88.529999,87.678596,1696600
334,2019-04-12,88.900002,89.339996,88.239998,88.730003,87.876678,1337400
335,2019-04-15,88.93,89.010002,87.739998,88.169998,87.322044,1371900
336,2019-04-16,88.389999,88.620003,88.089996,88.150002,87.302246,1619400
337,2019-04-17,88.510002,88.75,87.699997,87.760002,86.916,2058900
338,2019-04-18,87.68,87.720001,86.010002,87.230003,86.391106,1717600
339,2019-04-22,86.75,88.040001,86.339996,87.910004,87.06456,2225000
340,2019-04-23,87.870003,88.529999,87.540001,87.910004,87.06456,2799300
341,2019-04-24,87.120003,88.0,86.849998,87.5,86.658493,3268700
342,2019-04-25,87.330002,88.050003,87.220001,87.629997,86.787239,1156000
343,2019-04-26,87.940002,88.510002,87.440002,88.010002,87.163605,2292300
344,2019-04-29,88.459999,88.459999,87.120003,87.25,86.410912,3069400
345,2019-04-30,87.510002,87.919998,86.599998,86.989998,86.153389,4313400
346,2019-05-01,90.860001,93.720001,90.230003,92.599998,91.70945,5930600
347,2019-05-02,92.449997,92.730003,90.480003,91.230003,90.352638,2553900
348,2019-05-03,91.620003,93.459999,91.43,93.330002,92.432434,2559100
349,2019-05-06,91.290001,92.68,91.019997,92.300003,91.412346,2378800
350,2019-05-07,91.339996,92.029999,89.940002,90.489998,89.619736,1894000
351,2019-05-08,90.18,91.07,89.940002,90.699997,89.827728,2273000
352,2019-05-09,90.040001,91.440002,89.760002,91.139999,90.263489,1773700
353,2019-05-10,90.379997,91.879997,89.720001,91.529999,90.64975,1782300
354,2019-05-13,89.989998,90.230003,88.900002,89.370003,88.510513,1929200
355,2019-05-14,89.940002,92.370003,89.940002,91.739998,90.857727,2260200
356,2019-05-15,91.5,94.0,91.089996,93.650002,92.749352,2264700
357,2019-05-16,93.82,94.639999,93.660004,94.050003,93.294945,1600700
358,2019-05-17,92.779999,93.440002,92.620003,92.93,92.183929,1710200
359,2019-05-20,92.120003,92.300003,91.099998,91.470001,90.735657,2462800
360,2019-05-21,92.120003,92.559998,91.980003,92.110001,91.370522,2499700
361,2019-05-22,91.540001,92.589996,91.540001,92.019997,91.281235,1380700
362,2019-05-23,91.370003,92.510002,90.449997,90.660004,89.932159,5317800
363,2019-05-24,91.190002,91.559998,89.480003,89.910004,89.188171,2685200
364,2019-05-28,90.32,90.5,89.059998,89.199997,88.483887,1923800
365,2019-05-29,89.0,89.099998,87.959999,88.910004,88.196205,2052100
366,2019-05-30,89.209999,90.5,89.139999,89.660004,88.940186,1598100
367,2019-05-31,88.800003,90.120003,88.43,89.440002,88.721954,1954200
368,2019-06-03,89.150002,89.5,87.910004,88.43,87.720062,2651300
369,2019-06-04,89.480003,90.339996,88.919998,90.32,89.594879,2278200
370,2019-06-05,90.459999,90.989998,89.620003,90.0,89.277451,1777200
371,2019-06-06,90.269997,91.080002,90.169998,91.0,90.269417,1376200
372,2019-06-07,91.389999,93.379997,91.389999,92.510002,91.767311,1783000
373,2019-06-10,92.919998,94.18,92.839996,93.029999,92.283119,1845300
374,2019-06-11,93.839996,94.82,93.190002,93.93,93.175911,1108700
375,2019-06-12,93.989998,94.650002,93.239998,93.349998,92.600548,894500
376,2019-06-13,93.559998,93.760002,92.650002,93.029999,92.283119,1124100
377,2019-06-14,92.940002,93.620003,92.410004,93.419998,92.669998,887000
378,2019-06-17,93.309998,93.669998,92.709999,93.209999,92.461678,950400
379,2019-06-18,93.82,95.290001,93.540001,95.099998,94.336502,1642200
380,2019-06-19,94.900002,96.059998,94.559998,95.760002,94.991226,1561900
381,2019-06-20,95.709999,97.099998,95.57,96.870003,96.0923,2170700
382,2019-06-21,96.559998,97.029999,96.080002,96.139999,95.368156,2108000
383,2019-06-24,96.300003,96.440002,95.080002,95.510002,94.743225,1289100
384,2019-06-25,95.5,95.779999,93.010002,93.25,92.501358,2320900
385,2019-06-26,93.690002,94.870003,93.260002,94.519997,93.761162,1636600
386,2019-06-27,94.879997,96.879997,94.720001,96.529999,95.755035,1568500
387,2019-06-28,96.660004,97.739998,96.559998,97.739998,96.955307,3600300
388,2019-07-01,99.0,99.339996,98.120003,99.300003,98.502785,2954100
389,2019-07-02,99.300003,100.440002,98.669998,100.389999,99.584038,2873200
390,2019-07-03,100.529999,101.139999,100.160004,100.639999,99.832031,1150700
391,2019-07-05,100.32,100.660004,99.589996,100.599998,99.792351,1203200
392,2019-07-08,100.269997,100.43,99.300003,100.190002,99.385643,1782000
393,2019-07-09,99.040001,99.419998,98.510002,99.0,98.2052,2068100
394,2019-07-10,99.269997,99.519997,98.18,99.190002,98.393684,2222200
395,2019-07-11,99.260002,100.839996,98.800003,100.699997,99.891548,1477200
396,2019-07-12,99.300003,100.730003,99.07,99.540001,98.74086,2715700
397,2019-07-15,99.690002,99.690002,98.809998,99.199997,98.403595,1975500
398,2019-07-16,98.949997,100.0,98.690002,99.879997,99.078133,3338700
399,2019-07-17,99.620003,99.900002,97.629997,97.769997,96.985069,1847900
400,2019-07-18,97.580002,97.629997,96.43,97.099998,96.320457,1670700
401,2019-07-19,96.779999,96.889999,94.480003,94.529999,93.771088,3074300
402,2019-07-22,94.760002,94.860001,92.75,93.239998,92.491447,3080700
403,2019-07-23,93.580002,95.260002,93.139999,95.120003,94.356346,3851400
404,2019-07-24,95.599998,96.209999,92.489998,95.309998,94.544823,2982600
405,2019-07-25,94.489998,96.889999,94.489998,96.400002,95.626076,2059300
406,2019-07-26,97.190002,97.470001,96.339996,97.209999,96.429573,1914900
407,2019-07-29,97.25,97.809998,97.160004,97.400002,96.61805,1868500
408,2019-07-30,97.050003,97.620003,96.760002,97.309998,96.52877,984300
409,2019-07-31,97.349998,97.93,95.669998,96.550003,95.774872,2279400
410,2019-08-01,96.440002,97.279999,94.830002,95.25,94.485313,1874000
411,2019-08-02,94.940002,95.32,93.599998,93.910004,93.156075,1756000
412,2019-08-05,92.190002,92.269997,90.190002,91.349998,90.616623,3022500
413,2019-08-06,91.82,93.419998,91.019997,92.559998,91.816902,3267600
414,2019-08-07,91.300003,93.790001,90.730003,93.400002,92.650162,2550000
415,2019-08-08,93.529999,95.910004,93.519997,95.769997,95.153938,1947000
416,2019-08-09,95.510002,96.080002,94.540001,95.580002,94.965172,1459500
417,2019-08-12,95.0,95.260002,93.639999,93.879997,93.2761,958400
418,2019-08-13,93.82,96.309998,93.660004,95.260002,94.647224,1970800
419,2019-08-14,93.860001,93.959999,91.160004,92.010002,91.418129,2561500
420,2019-08-15,92.339996,92.82,90.949997,91.610001,91.020706,2171300
421,2019-08-16,92.5,93.419998,92.199997,93.010002,92.411697,1433900
422,2019-08-19,94.410004,94.870003,93.449997,93.459999,92.858803,1057000
423,2019-08-20,93.220001,93.739998,92.599998,92.730003,92.133507,2397500
424,2019-08-21,93.599998,93.599998,91.269997,91.620003,91.03064,1750300
425,2019-08-22,92.019997,92.800003,91.339996,92.410004,91.815575,1616900
426,2019-08-23,92.150002,93.190002,90.629997,91.080002,90.49411,2188000
427,2019-08-26,91.900002,92.050003,90.82,91.650002,91.060448,1336300
428,2019-08-27,92.230003,92.349998,90.959999,91.129997,90.543793,2376900
429,2019-08-28,91.0,92.139999,90.610001,91.910004,91.318779,1171700
430,2019-08-29,92.720001,93.559998,92.459999,92.540001,91.944733,945500
431,2019-08-30,93.230003,93.68,92.07,92.370003,91.775826,1165000
432,2019-09-03,91.160004,91.669998,90.720001,91.309998,90.722633,1507600
433,2019-09-04,92.029999,92.57,91.809998,92.300003,91.706276,997600
434,2019-09-05,93.220001,93.82,92.900002,93.470001,92.868736,1075200
435,2019-09-06,93.400002,94.239998,93.230003,93.739998,93.137001,1061600
436,2019-09-09,93.970001,94.110001,92.050003,92.529999,91.934792,1375800
437,2019-09-10,91.760002,93.589996,90.910004,93.580002,92.978043,1880200
438,2019-09-11,94.139999,95.610001,93.610001,95.18,94.567734,2139900
439,2019-09-12,95.459999,96.139999,94.650002,94.769997,94.16037,1365800
440,2019-09-13,95.290001,97.489998,94.889999,96.050003,95.432137,1567400
441,2019-09-16,95.059998,95.099998,93.349998,93.660004,93.057526,1896100
442,2019-09-17,93.629997,95.769997,93.629997,94.860001,94.249794,944300
443,2019-09-18,94.5,95.419998,94.279999,95.349998,94.736649,1010400
444,2019-09-19,95.739998,96.040001,95.449997,95.779999,95.163887,1185100
445,2019-09-20,95.959999,96.230003,95.019997,95.220001,94.607483,3093500
446,2019-09-23,94.879997,95.739998,94.230003,94.25,93.64373,1456200
447,2019-09-24,94.650002,94.690002,91.879997,92.220001,91.626793,2320900
448,2019-09-25,92.050003,93.199997,91.519997,92.769997,92.173241,1191600
449,2019-09-26,92.449997,92.839996,91.309998,92.010002,91.418129,1658800
450,2019-09-27,92.540001,92.940002,90.980003,91.449997,90.861732,1349500
451,2019-09-30,91.800003,93.160004,91.059998,93.110001,92.511055,2007400
452,2019-10-01,93.449997,94.339996,92.07,92.150002,91.557236,2008900
453,2019-10-02,91.620003,91.709999,90.599998,90.940002,90.355011,1962900
454,2019-10-03,91.129997,92.050003,90.639999,91.989998,91.398254,1827500
455,2019-10-04,92.300003,93.769997,92.07,93.349998,92.749504,1606300
456,2019-10-07,93.029999,93.120003,90.949997,91.0,90.414627,2088300
457,2019-10-08,90.190002,91.699997,88.970001,90.699997,90.116562,2141400
458,2019-10-09,91.470001,91.760002,90.589996,91.5,90.9114,1680600
459,2019-10-10,91.389999,92.970001,91.300003,91.550003,90.961098,1953200
460,2019-10-11,92.959999,94.660004,92.959999,93.43,92.828995,2760900
461,2019-10-14,93.010002,93.120003,91.0,91.529999,90.941223,1274700
462,2019-10-15,91.610001,92.400002,90.809998,91.660004,91.070381,1664900
463,2019-10-16,91.790001,92.650002,91.620003,92.199997,91.606918,1098100
464,2019-10-17,92.419998,94.790001,91.830002,92.199997,91.606918,1687900
465,2019-10-18,90.889999,91.739998,90.5,91.150002,90.563667,2708700
466,2019-10-21,91.760002,92.43,91.519997,92.389999,91.7957,1743700
467,2019-10-22,92.25,92.699997,90.730003,90.730003,90.146378,2205800
468,2019-10-23,91.5,95.949997,89.849998,95.769997,95.153938,4029200
469,2019-10-24,95.559998,97.360001,94.809998,96.910004,96.286613,2809600
470,2019-10-25,96.730003,98.620003,96.489998,97.690002,97.0616,1542400
471,2019-10-28,97.870003,98.540001,96.360001,97.190002,96.564812,1267100
472,2019-10-29,97.099998,97.809998,96.550003,97.309998,96.684044,1067300
473,2019-10-30,97.349998,97.349998,95.889999,97.32,96.693977,1087000
474,2019-10-31,96.900002,97.629997,96.540001,96.959999,96.336288,1498400
475,2019-11-01,97.849998,98.5,96.150002,96.309998,95.69046,1714400
476,2019-11-04,96.809998,98.690002,96.449997,97.989998,97.359665,1311800
477,2019-11-05,97.800003,100.470001,97.370003,100.150002,99.505768,1703200
478,2019-11-06,100.440002,100.440002,99.129997,99.57,98.929497,1135200
479,2019-11-07,100.0,100.730003,98.599998,98.93,98.441925,1261800
480,2019-11-08,98.620003,99.099998,97.860001,99.089996,98.601135,938800
481,2019-11-11,98.260002,98.879997,97.849998,98.129997,97.645866,861900
482,2019-11-12,98.290001,99.339996,97.949997,98.089996,97.606064,856600
483,2019-11-13,97.849998,98.089996,96.779999,97.760002,97.277695,2305000
484,2019-11-14,97.900002,99.0,97.5,98.849998,98.362312,970300
485,2019-11-15,99.489998,100.5,99.169998,99.690002,99.198174,2089900
486,2019-11-18,99.519997,100.519997,99.519997,100.169998,99.675797,1613700
487,2019-11-19,100.580002,100.82,100.110001,100.209999,99.715599,833300
488,2019-11-20,99.610001,100.110001,98.699997,99.260002,98.770294,983400
489,2019-11-21,98.919998,99.510002,98.260002,99.080002,98.591187,954900
490,2019-11-22,99.449997,101.470001,99.120003,101.220001,100.720627,2138800
491,2019-11-25,101.860001,103.489998,101.849998,103.089996,102.581398,1799000
492,2019-11-26,103.199997,105.419998,102.849998,105.32,104.8004,1955800
493,2019-11-27,105.559998,106.419998,105.040001,106.370003,105.845215,1656600
494,2019-11-29,105.82,106.25,104.769997,105.0,104.481979,764600
495,2019-12-02,105.059998,105.080002,103.75,104.75,104.233208,1781500
496,2019-12-03,103.260002,104.18,102.760002,103.949997,103.437149,1449600
497,2019-12-04,104.099998,104.769997,103.860001,104.18,103.666023,1114200
498,2019-12-05,104.620003,105.300003,104.279999,104.910004,104.392426,1096800
499,2019-12-06,105.860001,106.25,105.309998,105.470001,104.949661,1026000
500,2019-12-09,105.599998,106.110001,104.75,104.75,104.233208,1404600
501,2019-12-10,104.919998,105.580002,104.519997,104.699997,104.183449,1329100
502,2019-12-11,105.110001,105.949997,104.800003,105.699997,105.17852,1453700
503,2019-12-12,105.669998,107.230003,105.370003,106.519997,105.994476,1421800
504,2019-12-13,106.540001,107.440002,106.169998,107.199997,106.67112,1286600
505,2019-12-16,108.040001,109.300003,107.699997,108.480003,107.944809,2516700
506,2019-12-17,108.32,108.900002,107.739998,108.800003,108.263229,2109000
507,2019-12-18,109.040001,109.660004,108.510002,109.25,108.711006,2524300
508,2019-12-19,109.269997,110.669998,109.150002,110.339996,109.795631,1935700
509,2019-12-20,111.18,111.720001,110.309998,111.419998,110.870293,3343700
510,2019-12-23,111.059998,111.68,111.040001,111.279999,110.730988,1495800
511,2019-12-24,111.43,111.919998,111.080002,111.370003,110.820557,436700
512,2019-12-26,111.43,111.980003,111.300003,111.940002,111.387741,1268300
513,2019-12-27,112.32,112.790001,111.760002,112.389999,111.835526,890200
514,2019-12-30,112.5,112.690002,110.970001,111.370003,110.820557,953200
515,2019-12-31,111.080002,111.529999,110.610001,110.910004,110.362823,1327800
516,2020-01-02,111.150002,111.620003,110.459999,111.449997,110.900154,2014600
517,2020-01-03,110.0,110.410004,108.639999,109.989998,109.447357,1854500
518,2020-01-06,109.019997,109.449997,108.589996,109.419998,108.880165,1821800
519,2020-01-07,109.269997,109.489998,108.160004,108.290001,107.755753,1498900
520,2020-01-08,108.139999,110.040001,107.889999,109.209999,108.671204,2741600
521,2020-01-09,109.889999,110.199997,109.050003,109.089996,108.551796,1596200
522,2020-01-10,109.449997,109.449997,108.389999,108.599998,108.064209,1296300
523,2020-01-13,108.940002,109.330002,108.209999,109.290001,108.750809,1573900
524,2020-01-14,109.139999,109.5,108.589996,109.089996,108.551796,1233200
525,2020-01-15,108.940002,109.860001,108.589996,109.629997,109.089134,1316100
526,2020-01-16,110.32,111.650002,110.190002,111.599998,111.049416,1217100
527,2020-01-17,112.169998,113.959999,111.980003,113.919998,113.357971,2512600
528,2020-01-21,112.489998,112.620003,109.93,110.620003,110.074257,4031800
529,2020-01-22,110.980003,112.610001,110.540001,110.849998,110.303116,1716600
530,2020-01-23,109.190002,111.150002,107.650002,110.959999,110.412567,1607100
531,2020-01-24,111.449997,111.449997,107.480003,108.489998,107.954758,2105300
532,2020-01-27,104.300003,105.970001,103.529999,104.940002,104.422272,4149700
533,2020-01-28,106.0,108.040001,105.559998,107.860001,107.327866,2062400
534,2020-01-29,108.129997,110.129997,108.129997,110.010002,109.467262,1854200
535,2020-01-30,108.300003,109.449997,107.220001,109.07,108.531898,2389300
536,2020-01-31,108.809998,108.889999,107.010002,107.800003,107.268166,3606700
537,2020-02-03,108.540001,109.889999,107.82,107.849998,107.317909,2097700
538,2020-02-04,109.919998,111.989998,109.389999,110.940002,110.39267,1689500
539,2020-02-05,112.440002,113.580002,112.150002,113.260002,112.701233,2144000
540,2020-02-06,113.699997,113.879997,111.800003,112.699997,112.143982,1477600
541,2020-02-07,111.419998,111.639999,110.419998,110.839996,110.293167,1371200
542,2020-02-10,110.419998,111.370003,110.150002,111.370003,110.820557,2028600
543,2020-02-11,110.440002,115.059998,109.019997,112.940002,112.382813,2388600
544,2020-02-12,113.489998,115.480003,113.199997,113.699997,113.139053,1891100
545,2020-02-13,112.660004,113.540001,111.169998,112.959999,112.40271,1396000
546,2020-02-14,113.089996,113.629997,112.129997,113.230003,112.671371,948900
547,2020-02-18,112.980003,113.300003,111.849998,111.93,111.377785,1805100
548,2020-02-19,112.050003,113.449997,112.050003,112.669998,112.114128,1543300
549,2020-02-20,112.32,113.830002,111.769997,112.0,111.447441,1165300
550,2020-02-21,111.139999,111.209999,109.32,109.57,109.029427,1716100
551,2020-02-24,104.620003,105.349998,103.489998,104.019997,103.506813,4565200
552,2020-02-25,104.82,104.889999,98.309998,98.879997,98.392174,5490900
553,2020-02-26,99.639999,100.82,96.300003,97.900002,97.417,6110500
554,2020-02-27,95.529999,100.690002,93.220001,95.830002,95.503548,7692700
555,2020-02-28,92.949997,98.339996,92.699997,97.199997,96.868881,6128600
556,2020-03-02,97.040001,97.699997,92.580002,96.459999,96.131401,4791400
557,2020-03-03,96.580002,96.790001,92.239998,93.330002,93.012062,6433300
558,2020-03-04,94.699997,98.519997,92.0,98.389999,98.054825,7065200
559,2020-03-05,94.099998,95.139999,91.290001,91.5,91.188293,9044900
560,2020-03-06,89.019997,94.209999,88.32,90.449997,90.141876,6450400
561,2020-03-09,83.400002,87.540001,83.400002,86.18,85.886421,7335700
562,2020-03-10,89.989998,91.529999,85.68,90.32,90.012314,5472100
563,2020-03-11,88.220001,88.220001,79.169998,81.089996,80.813751,9833200
564,2020-03-12,71.410004,79.57,71.400002,76.720001,76.458649,11501200
565,2020-03-13,80.849998,81.980003,76.639999,78.629997,78.362137,8068300
566,2020-03-16,69.419998,75.889999,63.830002,69.540001,69.303108,8647000
567,2020-03-17,70.57,71.0,61.849998,64.830002,64.609154,10971800
568,2020-03-18,58.009998,58.459999,44.299999,56.68,56.486916,18610500
569,2020-03-19,55.0,62.82,51.040001,58.029999,57.832317,13086300
570,2020-03-20,61.290001,71.480003,56.5,61.599998,61.390152,11377400
571,2020-03-23,61.25,67.779999,60.049999,63.330002,63.114262,11003500
572,2020-03-24,68.43,75.669998,67.510002,69.389999,69.153618,9956100
573,2020-03-25,75.309998,76.730003,67.349998,72.25,72.003876,7695500
574,2020-03-26,75.599998,78.760002,70.239998,73.199997,72.95063,7410400
575,2020-03-27,69.0,71.699997,66.199997,69.150002,68.914444,5784100
576,2020-03-30,66.790001,69.830002,64.580002,68.68,68.446037,5064200
577,2020-03-31,68.75,71.830002,67.889999,68.239998,68.007538,5160600
578,2020-04-01,65.0,66.400002,62.360001,63.040001,62.825249,5743000
579,2020-04-02,62.330002,65.989998,57.0,57.860001,57.662899,7930200
580,2020-04-03,58.0,59.48,53.700001,55.939999,55.749435,7232900
581,2020-04-06,60.869999,64.330002,60.110001,63.799999,63.582661,9128500
582,2020-04-07,70.18,73.480003,65.309998,65.830002,65.605743,7903000
583,2020-04-08,67.309998,70.190002,66.330002,70.089996,69.851234,8521200
584,2020-04-09,70.220001,73.209999,68.110001,68.449997,68.21682,7537400
585,2020-04-13,68.529999,68.900002,64.32,66.639999,66.412987,4020700
586,2020-04-14,68.25,71.300003,68.25,70.010002,69.771515,4575800
587,2020-04-15,66.040001,71.279999,65.610001,69.870003,69.631981,5803000
588,2020-04-16,69.809998,70.699997,67.769997,70.150002,69.911034,4772000
589,2020-04-17,74.669998,75.849998,72.730003,75.620003,75.362389,4952800
590,2020-04-20,73.5,75.540001,71.449997,72.279999,72.033768,4815400
591,2020-04-21,70.330002,72.480003,70.099998,71.349998,71.106941,3139100
592,2020-04-22,72.510002,73.599998,69.589996,70.790001,70.548851,2708700
593,2020-04-23,71.589996,73.790001,70.699997,71.940002,71.694931,2246100
594,2020-04-24,72.459999,72.599998,70.050003,71.370003,71.126877,1954000
595,2020-04-27,73.150002,75.989998,72.75,75.190002,74.933861,2558000
596,2020-04-28,77.0,77.800003,74.379997,75.75,75.491951,3003500
597,2020-04-29,77.019997,81.739998,77.019997,79.279999,79.009926,6174000
598,2020-04-30,77.790001,78.389999,74.779999,75.709999,75.452087,4382500
599,2020-05-01,73.110001,73.75,71.419998,72.029999,71.784622,3693400
600,2020-05-04,70.0,72.580002,69.080002,71.410004,71.166748,4295300
601,2020-05-05,72.760002,73.68,71.410004,71.739998,71.495605,3066900
602,2020-05-06,72.489998,72.849998,70.620003,70.790001,70.548851,3838800
603,2020-05-07,71.970001,73.459999,71.290001,71.900002,71.65506,4737500
604,2020-05-08,72.779999,74.029999,71.720001,72.190002,71.944084,8488800
605,2020-05-11,71.110001,71.260002,68.260002,68.300003,68.067337,5532600
606,2020-05-12,68.940002,69.339996,66.559998,67.0,66.771759,3176800
607,2020-05-13,67.0,67.199997,64.059998,64.849998,64.629082,4944400
608,2020-05-14,63.360001,68.209999,62.470001,68.169998,67.937775,6036700
609,2020-05-15,67.279999,68.830002,66.510002,68.540001,68.306511,2331000
610,2020-05-18,72.169998,74.669998,72.080002,73.07,72.821083,6424200
611,2020-05-19,73.040001,77.080002,71.830002,75.290001,75.033524,3955000
612,2020-05-20,76.860001,78.32,75.940002,77.720001,77.455246,3522000
613,2020-05-21,77.150002,78.860001,75.830002,77.660004,77.395454,4794500
614,2020-05-22,78.0,78.790001,76.690002,78.389999,78.122955,2822700
615,2020-05-26,85.129997,85.580002,81.43,81.690002,81.411713,3879800
616,2020-05-27,84.139999,84.519997,80.760002,83.150002,82.866745,5166800
617,2020-05-28,83.980003,84.540001,80.440002,80.620003,80.345367,3368600
618,2020-05-29,79.540001,80.25,78.379997,79.309998,79.039825,3919600
619,2020-06-01,79.650002,82.730003,79.360001,81.910004,81.630974,2374600
620,2020-06-02,83.0,83.650002,81.239998,83.599998,83.315208,3138800
621,2020-06-03,84.489998,87.419998,83.790001,86.110001,85.816666,3624900
622,2020-06-04,86.190002,87.440002,84.360001,86.339996,86.045868,3503000
623,2020-06-05,90.419998,93.720001,86.650002,87.199997,86.902939,6686200
624,2020-06-08,89.860001,90.779999,88.540001,89.699997,89.394424,4554100
625,2020-06-09,87.800003,87.830002,85.25,86.129997,85.836594,3086700
626,2020-06-10,85.379997,85.919998,82.349998,82.830002,82.547829,3943100
627,2020-06-11,78.0,80.610001,76.730003,77.589996,77.325676,5266500
628,2020-06-12,80.93,81.0,76.160004,77.449997,77.186157,4733600
629,2020-06-15,74.540001,78.43,73.849998,77.480003,77.216064,3402900
630,2020-06-16,81.290001,81.739998,76.720001,78.25,77.983437,3103900
631,2020-06-17,77.860001,78.470001,75.849998,76.419998,76.15966,3457400
632,2020-06-18,75.739998,79.139999,75.43,78.160004,77.893745,3899000
633,2020-06-19,79.230003,79.260002,75.389999,76.169998,75.910515,4260900
634,2020-06-22,75.949997,76.809998,74.830002,76.080002,75.820831,1949500
635,2020-06-23,76.739998,76.949997,75.160004,75.68,75.422188,3956900
636,2020-06-24,75.0,75.0,71.589996,73.190002,72.940674,3776700
637,2020-06-25,72.489998,72.730003,70.809998,72.510002,72.262993,3999700
638,2020-06-26,72.190002,72.300003,69.830002,71.160004,70.917587,9989300
639,2020-06-29,71.519997,73.919998,70.110001,73.919998,73.668182,3244000
640,2020-06-30,73.550003,73.940002,72.019997,73.449997,73.199783,4377300
641,2020-07-01,74.68,76.529999,74.120003,74.440002,74.186409,3177000
642,2020-07-02,76.790001,76.980003,74.129997,74.519997,74.266129,1766300
643,2020-07-06,76.080002,76.349998,74.980003,76.239998,75.980278,2942700
644,2020-07-07,75.260002,75.459999,73.75,74.169998,73.917336,2761100
645,2020-07-08,74.300003,75.089996,73.400002,75.089996,74.83419,3596800
646,2020-07-09,75.410004,75.589996,72.519997,74.129997,73.877472,2809600
647,2020-07-10,73.830002,75.269997,73.5,75.239998,74.983681,2168300
648,2020-07-13,75.550003,76.260002,73.550003,73.580002,73.329346,2984900
649,2020-07-14,73.209999,73.540001,71.860001,73.510002,73.259583,2452000
650,2020-07-15,76.599998,81.480003,76.010002,80.919998,80.644341,4597000
651,2020-07-16,79.800003,81.220001,78.959999,80.889999,80.614441,2863200
652,2020-07-17,80.669998,80.690002,78.510002,79.900002,79.627823,2268600
653,2020-07-20,79.440002,80.32,77.529999,78.169998,77.903709,2103400
654,2020-07-21,79.309998,80.400002,78.540001,80.120003,79.847069,2086800
655,2020-07-22,79.610001,80.349998,78.790001,79.620003,79.34877,2583900
656,2020-07-23,78.720001,79.230003,77.110001,78.860001,78.591362,2150100
657,2020-07-24,78.419998,78.5,76.93,77.43,77.166229,1257400
658,2020-07-27,76.550003,77.449997,75.360001,77.339996,77.076538,2389700
659,2020-07-28,77.019997,77.580002,76.5,76.669998,76.408821,2194800
660,2020-07-29,77.25,78.010002,76.93,77.389999,77.126366,1605100
661,2020-07-30,76.5,76.959999,75.379997,76.139999,75.880623,2288600
662,2020-07-31,75.68,75.760002,74.019997,75.050003,74.794334,4115100
663,2020-08-03,74.400002,75.620003,73.5,74.739998,74.48539,1965600
664,2020-08-04,74.800003,78.419998,74.470001,78.32,78.0532,2856700
665,2020-08-05,79.610001,80.029999,77.830002,80.0,79.727478,3917600
666,2020-08-06,79.300003,83.599998,78.029999,82.699997,82.418274,5000300
667,2020-08-07,82.349998,83.860001,81.209999,83.699997,83.414864,3257100
668,2020-08-10,84.529999,87.220001,84.199997,86.199997,85.906349,3588500
669,2020-08-11,87.550003,88.459999,86.449997,87.019997,86.723557,5012200
670,2020-08-12,88.610001,88.699997,85.360001,85.889999,85.597412,2169600
671,2020-08-13,85.25,87.050003,84.260002,85.5,85.20874,1721100
672,2020-08-14,85.889999,86.839996,85.25,86.0,85.707031,1899400
673,2020-08-17,86.07,86.199997,84.199997,84.980003,84.690506,2360900
674,2020-08-18,85.010002,85.220001,83.360001,84.07,83.7836,1806600
675,2020-08-19,84.599998,85.400002,83.879997,84.489998,84.202179,2010600
676,2020-08-20,83.470001,85.709999,83.120003,85.099998,84.810097,2274300
677,2020-08-21,85.5,87.440002,85.160004,87.349998,87.052437,2318500
678,2020-08-24,87.849998,89.209999,86.800003,88.400002,88.098862,2468500
679,2020-08-25,89.720001,90.610001,88.269997,88.440002,88.138725,2053300
680,2020-08-26,88.209999,88.209999,86.699997,86.800003,86.504311,2210300
681,2020-08-27,87.660004,89.290001,87.589996,88.800003,88.497498,3372800
682,2020-08-28,89.209999,92.059998,89.110001,91.730003,91.417519,4251500
683,2020-08-31,91.610001,91.690002,89.480003,90.360001,90.052177,3461700
684,2020-09-01,89.519997,92.160004,89.010002,91.709999,91.397583,1712600
685,2020-09-02,91.889999,91.970001,90.379997,91.339996,91.028831,3952700
686,2020-09-03,91.93,93.849998,90.309998,91.300003,90.988976,2541000
687,2020-09-04,92.68,93.389999,90.75,90.940002,90.630203,3775700
688,2020-09-08,90.120003,93.419998,89.68,91.900002,91.586937,2781300
689,2020-09-09,91.699997,91.879997,90.129997,90.389999,90.082077,2237900
690,2020-09-10,90.900002,93.139999,89.269997,89.360001,89.055588,1774100
691,2020-09-11,89.610001,89.639999,86.209999,87.370003,87.072372,1974200
692,2020-09-14,88.18,92.57,88.18,92.309998,91.995529,2139200
693,2020-09-15,92.449997,93.779999,91.790001,91.940002,91.626801,1945300
694,2020-09-16,92.459999,95.080002,91.639999,94.029999,93.709679,3831400
695,2020-09-17,92.68,93.099998,90.620003,91.169998,90.859421,3427500
696,2020-09-18,90.339996,91.339996,89.269997,89.639999,89.334633,5451500
697,2020-09-21,87.199997,87.300003,83.519997,85.480003,85.188812,5031400
698,2020-09-22,85.07,85.830002,83.949997,85.239998,84.949623,3816000
699,2020-09-23,85.690002,87.330002,83.68,83.860001,83.574326,2540900
700,2020-09-24,83.370003,84.75,81.480003,83.07,82.78701,5307100
701,2020-09-25,83.059998,86.059998,82.830002,85.93,85.637276,3255600
702,2020-09-28,87.82,89.440002,86.800003,89.059998,88.756599,2289100
703,2020-09-29,88.900002,88.980003,86.43,86.599998,86.304993,2977600
704,2020-09-30,87.540001,88.879997,85.169998,85.32,85.02935,3127500
705,2020-10-01,85.919998,87.239998,85.550003,87.220001,86.922874,1779400
706,2020-10-02,84.910004,88.019997,84.610001,87.959999,87.660355,1644000
707,2020-10-05,88.449997,90.010002,87.860001,89.300003,88.995796,1342600
708,2020-10-06,90.279999,92.389999,89.379997,89.599998,89.294769,2128000
709,2020-10-07,90.410004,92.150002,90.410004,91.720001,91.407547,2108500
710,2020-10-08,92.279999,92.93,91.139999,92.540001,92.224754,2202500
711,2020-10-09,93.0,94.099998,91.260002,91.370003,91.058746,1654800
712,2020-10-12,91.440002,91.779999,90.389999,91.349998,91.038811,1411700
713,2020-10-13,90.800003,91.300003,88.190002,88.639999,88.338036,2085700
714,2020-10-14,89.0,90.230003,87.800003,88.300003,87.999199,2230200
715,2020-10-15,87.360001,88.699997,86.419998,88.68,88.377899,1330100
716,2020-10-16,88.879997,90.099998,88.519997,89.5,89.195107,1901800
717,2020-10-19,89.650002,90.839996,86.970001,87.550003,87.251762,1557500
718,2020-10-20,88.529999,90.470001,87.769997,89.57,89.26487,2279200
719,2020-10-21,89.330002,89.629997,88.199997,88.970001,88.666924,3418900
720,2020-10-22,90.209999,94.43,89.709999,94.389999,94.068451,4377300
721,2020-10-23,94.800003,95.669998,94.160004,94.610001,94.287704,2407400
722,2020-10-26,92.919998,93.0,88.470001,90.379997,90.072105,2002800
723,2020-10-27,90.25,90.459999,87.470001,87.669998,87.371346,1667000
724,2020-10-28,85.980003,86.650002,83.839996,84.019997,83.73378,2279500
725,2020-10-29,84.019997,87.449997,83.620003,86.510002,86.215302,2546300
726,2020-10-30,85.760002,88.080002,84.779999,87.809998,87.510864,2336000
727,2020-11-02,88.0,88.510002,86.519997,88.0,87.700218,2352800
728,2020-11-03,88.75,91.949997,88.75,90.650002,90.341194,3040800
729,2020-11-04,91.269997,96.620003,90.580002,93.089996,92.772881,2985200
730,2020-11-05,93.330002,96.080002,93.07,94.080002,93.759514,2397600
731,2020-11-06,93.650002,95.059998,92.279999,92.839996,92.52372,2858900
732,2020-11-09,112.389999,116.730003,102.599998,104.190002,103.835068,9584600
733,2020-11-10,105.0,106.449997,102.739998,104.239998,103.884895,4420000
734,2020-11-11,104.650002,104.760002,101.449997,103.75,103.396568,3696100
735,2020-11-12,102.330002,103.269997,100.830002,102.050003,101.702362,2702600
736,2020-11-13,102.910004,105.919998,102.650002,105.800003,105.439583,2637000
737,2020-11-16,109.470001,109.709999,106.260002,106.580002,106.216927,4475400
738,2020-11-17,104.559998,105.209999,102.540001,103.339996,102.987961,2732800
739,2020-11-18,103.370003,105.629997,102.900002,103.349998,102.997932,1901600
740,2020-11-19,102.330002,103.580002,102.010002,102.800003,102.449806,3284000
741,2020-11-20,102.849998,103.370003,101.449997,101.760002,101.413345,2302700
742,2020-11-23,102.889999,105.050003,102.410004,105.050003,104.692146,3428200
743,2020-11-24,107.970001,109.620003,107.029999,108.940002,108.568886,2827100
744,2020-11-25,108.0,108.150002,106.220001,106.300003,105.937881,1847300
745,2020-11-27,106.620003,107.0,104.169998,104.410004,104.054329,1008700
746,2020-11-30,104.040001,104.279999,101.769997,103.629997,103.276978,2952700
747,2020-12-01,105.260002,105.639999,103.870003,104.839996,104.482849,1946700
748,2020-12-02,104.300003,107.190002,103.800003,106.75,106.386345,2069100
749,2020-12-03,107.129997,111.540001,107.129997,109.160004,108.788139,3119200
750,2020-12-04,109.870003,111.239998,108.629997,110.849998,110.472382,1261700
751,2020-12-07,110.279999,110.410004,108.330002,109.830002,109.455856,1622600
752,2020-12-08,108.639999,110.760002,108.610001,109.050003,108.678513,1838500
753,2020-12-09,109.5,109.959999,105.699997,106.699997,106.336517,2165100
754,2020-12-10,106.25,107.849998,105.199997,107.360001,106.994263,2360100
755,2020-12-11,106.809998,107.610001,104.300003,104.739998,104.383186,2302600
756,2020-12-14,106.389999,106.389999,102.980003,103.040001,102.688988,2034900
757,2020-12-15,105.550003,105.900002,102.910004,104.970001,104.612411,1923400
758,2020-12-16,104.970001,105.360001,103.300003,104.410004,104.054329,1955900
759,2020-12-17,105.040001,105.349998,103.550003,104.699997,104.343323,2410700
760,2020-12-18,105.010002,106.919998,104.419998,104.610001,104.253639,5231600
761,2020-12-21,101.949997,104.860001,101.330002,103.989998,103.63575,3331300
762,2020-12-22,104.040001,104.559998,102.650002,102.949997,102.599297,2393000
763,2020-12-23,104.019997,106.830002,103.32,106.510002,106.147163,2196200
764,2020-12-24,106.559998,106.889999,105.650002,106.889999,106.525879,822400
765,2020-12-28,107.989998,109.400002,107.120003,107.379997,107.014191,1575100
766,2020-12-29,108.18,109.650002,107.510002,107.949997,107.582253,1428000
767,2020-12-30,108.099998,110.839996,108.099998,110.18,109.804657,1405100
768,2020-12-31,109.68,111.610001,108.690002,111.260002,110.880989,1571400
769,2021-01-04,110.970001,111.309998,106.010002,107.459999,107.093925,2759300
770,2021-01-05,107.0,109.080002,106.879997,107.949997,107.582253,2564200
771,2021-01-06,108.07,112.080002,108.059998,110.769997,110.392647,1868200
772,2021-01-07,111.449997,113.889999,111.25,113.290001,112.904068,2640400
773,2021-01-08,113.919998,115.669998,113.029999,114.160004,113.771111,4065100
774,2021-01-11,112.489998,113.709999,111.32,113.18,112.794449,1527600
775,2021-01-12,113.18,114.089996,112.129997,112.330002,111.947342,1792900
776,2021-01-13,112.279999,113.18,110.650002,111.870003,111.488907,2041800
777,2021-01-14,112.559998,113.68,111.110001,112.110001,111.728081,2360600
778,2021-01-15,111.43,111.639999,108.07,108.410004,108.040703,2169400
779,2021-01-19,108.410004,109.510002,107.589996,107.93,107.562325,1839600
780,2021-01-20,108.019997,108.589996,105.809998,107.699997,107.333107,2771500
781,2021-01-21,107.68,109.919998,107.139999,108.82,108.449287,1799700
782,2021-01-22,107.510002,107.889999,104.669998,104.959999,104.602448,2894100
783,2021-01-25,104.099998,105.730003,102.589996,105.120003,104.761902,5310200
784,2021-01-26,105.730003,106.269997,104.610001,104.669998,104.313438,2800900
785,2021-01-27,102.949997,103.82,98.57,98.669998,98.33387,4592600
786,2021-01-28,100.879997,104.839996,100.879997,104.0,103.645714,6544200
787,2021-01-29,103.230003,103.239998,99.019997,101.389999,101.044601,4844100
788,2021-02-01,102.379997,103.82,101.839996,101.919998,101.5728,2860800
789,2021-02-02,103.18,107.050003,102.730003,105.790001,105.429626,2556300
790,2021-02-03,105.809998,108.32,105.699997,106.599998,106.236855,2373600
791,2021-02-04,107.389999,110.529999,107.339996,110.519997,110.143501,2091400
792,2021-02-05,111.300003,112.599998,110.339996,111.669998,111.289581,2279900
793,2021-02-08,112.690002,113.160004,110.620003,112.32,111.937378,2061000
794,2021-02-09,112.239998,112.510002,110.18,110.349998,109.974083,1590500
795,2021-02-10,110.169998,110.489998,108.809998,109.339996,108.967522,2750400
796,2021-02-11,110.139999,111.169998,108.720001,109.5,109.126976,1792200
797,2021-02-12,109.120003,112.410004,108.870003,112.139999,111.757988,2128300
798,2021-02-16,112.830002,114.019997,112.0,113.610001,113.222977,2927800
799,2021-02-17,110.830002,115.330002,108.809998,111.43,111.050407,3816200
800,2021-02-18,108.970001,115.209999,108.5,114.120003,113.731239,2695900
801,2021-02-19,114.959999,117.790001,114.510002,116.910004,116.511734,3463300
802,2021-02-22,118.75,122.129997,117.540001,119.959999,119.551346,4374200
803,2021-02-23,121.580002,122.309998,118.290001,121.949997,121.534569,3703300
804,2021-02-24,123.349998,127.480003,122.379997,127.260002,126.826477,4486200
805,2021-02-25,127.760002,128.160004,121.089996,122.980003,122.561058,5262900
806,2021-02-26,123.589996,124.580002,120.139999,123.68,123.258675,3615400
807,2021-03-01,125.720001,125.849998,122.800003,123.760002,123.338402,2614900
808,2021-03-02,123.900002,125.089996,122.5,124.25,123.826736,3325600
809,2021-03-03,124.25,125.839996,123.129997,123.129997,122.710548,2108300
810,2021-03-04,123.25,123.32,117.0,120.720001,120.308754,3555500
811,2021-03-05,121.900002,122.93,116.440002,122.870003,122.451439,3696600
812,2021-03-08,123.519997,126.760002,122.019997,125.410004,124.982788,2573200
813,2021-03-09,126.970001,126.970001,123.610001,124.120003,123.697174,2560500
814,2021-03-10,124.389999,125.980003,122.800003,124.510002,124.085854,1846700
815,2021-03-11,124.559998,126.199997,123.32,124.660004,124.235336,1711000
816,2021-03-12,125.32,126.580002,124.339996,126.099998,125.670425,1588800
817,2021-03-15,126.959999,128.919998,125.07,127.260002,126.826477,1773000
818,2021-03-16,127.389999,127.779999,123.769997,123.959999,123.53772,1819400
819,2021-03-17,123.5,127.620003,123.449997,127.139999,126.706879,3831700
820,2021-03-18,126.57,128.679993,125.099998,125.639999,125.21199,2550000
821,2021-03-19,125.0,125.919998,122.139999,124.389999,123.966255,2810800
822,2021-03-22,124.510002,124.830002,122.400002,122.919998,122.501259,2031200
823,2021-03-23,122.160004,122.599998,118.199997,118.900002,118.494957,2659000
824,2021-03-24,119.830002,121.650002,118.470001,118.5,118.096321,2035000
825,2021-03-25,117.540001,120.779999,116.150002,120.400002,119.989845,2680800
826,2021-03-26,121.080002,121.610001,118.919998,121.120003,120.707397,2149800
827,2021-03-29,120.93,121.339996,118.110001,119.050003,118.644447,2135300
828,2021-03-30,118.949997,122.610001,118.690002,122.059998,121.644188,2548900
829,2021-03-31,122.309998,122.82,120.839996,120.919998,120.50808,2031500
830,2021-04-01,121.900002,122.099998,120.379997,121.650002,121.235596,1696900
831,2021-04-05,123.120003,126.099998,122.989998,125.400002,124.972816,2261100
832,2021-04-06,125.550003,127.540001,125.5,126.660004,126.228523,1719500
833,2021-04-07,126.970001,127.32,124.260002,124.519997,124.095802,1803800
834,2021-04-08,124.370003,126.129997,122.809998,124.75,124.325027,1847100
835,2021-04-09,124.400002,124.459999,122.370003,124.349998,123.926392,921500
836,2021-04-12,124.480003,125.440002,122.470001,125.279999,124.853218,2057800
837,2021-04-13,123.779999,126.870003,122.43,126.110001,125.680397,3377700
838,2021-04-14,126.0,128.279999,125.639999,126.519997,126.088997,2461100
839,2021-04-15,127.370003,127.849998,125.779999,127.279999,126.846405,1193000
840,2021-04-16,128.520004,129.050003,127.550003,128.050003,127.613792,1721300
841,2021-04-19,127.489998,127.730003,125.260002,125.93,125.501007,1451000
842,2021-04-20,124.949997,125.300003,120.669998,122.220001,121.80365,2328500
843,2021-04-21,122.510002,123.970001,121.309998,123.910004,123.487892,1329400
844,2021-04-22,123.440002,126.769997,122.849998,125.5,125.072472,2235300
845,2021-04-23,125.940002,127.43,125.559998,127.400002,126.966003,1394600
846,2021-04-26,128.600006,130.190002,127.120003,127.57,127.135422,1357400
847,2021-04-27,127.720001,130.350006,127.589996,130.009995,129.567108,1712900
848,2021-04-28,129.820007,130.25,128.960007,129.110001,128.670181,1328800
849,2021-04-29,130.880005,132.690002,128.449997,130.389999,129.945816,1597000
850,2021-04-30,129.710007,130.059998,127.580002,128.699997,128.261566,1263900
851,2021-05-03,129.639999,130.169998,128.389999,128.669998,128.231689,1375300
852,2021-05-04,128.169998,128.850006,125.690002,128.25,127.81311,2574900
853,2021-05-05,127.110001,128.110001,122.32,122.620003,122.202286,3767400
854,2021-05-06,122.150002,122.730003,119.470001,120.769997,120.358589,3108500
855,2021-05-07,121.199997,123.540001,119.800003,123.440002,123.019493,2097100
856,2021-05-10,122.470001,123.699997,121.080002,121.580002,121.165825,2219000
857,2021-05-11,119.260002,122.160004,118.160004,121.830002,121.414978,1640400
858,2021-05-12,121.029999,122.260002,117.540001,118.290001,117.887032,1984200
859,2021-05-13,118.839996,121.160004,118.230003,120.160004,119.750671,1648500
860,2021-05-14,121.290001,124.43,120.449997,123.610001,123.188911,1470700
861,2021-05-17,123.43,123.43,120.389999,121.709999,121.295387,1428900
862,2021-05-18,122.150002,123.370003,120.720001,120.790001,120.378525,2237100
863,2021-05-19,118.239998,120.660004,117.889999,120.57,120.159271,1511900
864,2021-05-20,120.709999,121.199997,119.050003,120.580002,120.169235,1484400
865,2021-05-21,121.32,122.220001,120.699997,120.980003,120.567879,1429500
866,2021-05-24,122.089996,123.900002,121.32,123.589996,123.168976,2057700
867,2021-05-25,124.629997,125.309998,123.349998,123.800003,123.378265,1374200
868,2021-05-26,124.419998,126.400002,123.919998,126.220001,125.790024,1523000
869,2021-05-27,127.0,127.68,125.110001,126.269997,125.839844,2395700
870,2021-05-28,125.900002,126.32,124.389999,125.269997,124.843254,893700
871,2021-06-01,127.599998,127.599998,125.800003,126.610001,126.178688,1489100
872,2021-06-02,126.879997,127.0,124.559998,125.169998,124.743591,1462100
873,2021-06-03,124.129997,124.5,122.190002,123.129997,122.710548,1331400
874,2021-06-04,123.75,124.82,122.93,124.75,124.325027,1657100
875,2021-06-07,125.529999,125.809998,124.529999,124.900002,124.474518,1353900
876,2021-06-08,125.169998,128.160004,124.760002,127.839996,127.404503,1978500
877,2021-06-09,128.350006,128.770004,126.379997,126.449997,126.019234,1508900
878,2021-06-10,126.790001,127.269997,125.260002,126.589996,126.158752,1741800
879,2021-06-11,126.790001,128.740005,126.610001,128.610001,128.171875,1590000
880,2021-06-14,128.350006,129.850006,127.589996,128.610001,128.171875,1571100
881,2021-06-15,128.369995,129.970001,128.130005,129.25,128.809692,2571100
882,2021-06-16,129.479996,129.809998,126.5,126.93,126.497604,1970600
883,2021-06-17,127.010002,128.229996,125.260002,126.239998,125.809952,1857900
884,2021-06-18,124.489998,125.209999,123.389999,123.720001,123.298538,2006600
885,2021-06-21,124.57,126.870003,123.57,126.739998,126.308243,2280900
886,2021-06-22,126.860001,126.919998,125.349998,126.099998,125.670425,1394200
887,2021-06-23,125.800003,126.410004,125.400002,125.68,125.251854,1007500
888,2021-06-24,126.769997,126.82,124.25,124.510002,124.085854,1645200
889,2021-06-25,125.040001,125.489998,124.190002,124.480003,124.055946,5399400
890,2021-06-28,124.059998,124.059998,119.510002,120.720001,120.308754,2031400
891,2021-06-29,120.760002,121.209999,118.660004,118.949997,118.544785,1728400
892,2021-06-30,119.059998,120.800003,118.900002,120.620003,120.209099,2656800
893,2021-07-01,120.629997,123.839996,120.620003,123.620003,123.198883,2466900
894,2021-07-02,124.489998,127.029999,123.760002,126.809998,126.378014,2291500
895,2021-07-06,127.059998,128.0,124.129997,125.830002,125.401352,1854700
896,2021-07-07,124.629997,126.389999,121.830002,124.449997,124.026047,1958000
897,2021-07-08,122.190002,124.120003,120.68,123.129997,122.710548,2458700
898,2021-07-09,124.230003,126.230003,123.389999,126.050003,125.620605,1335800
899,2021-07-12,125.0,126.379997,124.440002,125.849998,125.42128,2030500
900,2021-07-13,125.18,125.5,123.32,123.459999,123.039421,1550700
901,2021-07-14,123.720001,125.32,123.230003,123.870003,123.448029,1525100
902,2021-07-15,123.0,123.839996,121.889999,122.900002,122.481331,1986700
903,2021-07-16,124.169998,125.0,119.410004,119.75,119.342064,3002400
904,2021-07-19,116.0,119.459999,114.699997,117.010002,116.611397,5226900
905,2021-07-20,117.339996,121.419998,116.699997,120.900002,120.488144,1715000
906,2021-07-21,121.889999,125.32,121.660004,124.93,124.504417,2022300
907,2021-07-22,124.080002,124.550003,122.32,123.209999,122.790276,1561700
908,2021-07-23,124.599998,125.620003,123.620003,125.260002,124.83329,2485600
909,2021-07-26,124.730003,127.290001,123.309998,126.669998,126.23848,2676500
910,2021-07-27,125.790001,128.570007,124.790001,128.5,128.062241,2487500
911,2021-07-28,129.229996,129.910004,126.599998,129.529999,129.088745,2225300
912,2021-07-29,130.0,136.889999,127.5,134.5,134.041794,3619700
913,2021-07-30,133.369995,133.809998,131.009995,131.449997,131.002197,1849500
914,2021-08-02,132.470001,132.889999,127.019997,127.870003,127.434402,2154700
915,2021-08-03,128.149994,128.149994,123.470001,126.080002,125.650497,3137300
916,2021-08-04,124.559998,125.839996,123.110001,124.389999,123.966255,2249500
917,2021-08-05,125.339996,127.349998,124.839996,126.400002,125.969406,1881300
918,2021-08-06,126.769997,127.330002,125.400002,126.660004,126.228523,1717100
919,2021-08-09,125.989998,126.0,122.809998,124.610001,124.185509,1774600
920,2021-08-10,124.690002,127.25,124.150002,126.349998,125.919579,1637500
921,2021-08-11,125.550003,126.339996,124.160004,125.029999,124.604073,2218200
922,2021-08-12,124.470001,124.870003,122.550003,123.43,123.009529,2069800
923,2021-08-13,123.080002,123.43,121.32,122.209999,121.793686,1951400
924,2021-08-16,121.129997,122.580002,120.18,121.489998,121.076141,2464400
925,2021-08-17,120.110001,120.790001,119.360001,119.989998,119.581245,2233300
926,2021-08-18,119.389999,120.419998,118.080002,119.0,118.594612,2360000
927,2021-08-19,118.800003,119.470001,117.529999,119.230003,118.823845,2692200
928,2021-08-20,118.5,122.339996,118.339996,121.769997,121.355179,2554900
929,2021-08-23,122.690002,123.709999,121.93,123.029999,122.610893,1799500
930,2021-08-24,124.160004,127.949997,124.139999,126.860001,126.427834,2182700
931,2021-08-25,126.870003,127.919998,125.440002,127.32,126.886269,1392700
932,2021-08-26,126.690002,126.739998,124.589996,125.620003,125.192062,1038000
933,2021-08-27,125.480003,127.970001,125.480003,127.559998,127.12545,1149700
934,2021-08-30,127.900002,127.900002,125.230003,125.720001,125.291718,1136800
935,2021-08-31,125.720001,126.169998,124.029999,124.860001,124.434654,2698000
936,2021-09-01,125.610001,125.970001,124.169998,125.32,124.893082,2127500
937,2021-09-02,124.720001,125.529999,123.779999,124.389999,123.966255,1991000
938,2021-09-03,123.910004,124.160004,120.849998,123.080002,122.660713,1697300
939,2021-09-07,122.5,123.989998,121.879997,123.370003,122.949738,1132200
940,2021-09-08,123.889999,124.190002,121.419998,122.760002,122.341805,2288400
941,2021-09-09,122.68,126.959999,122.519997,125.75,125.321625,1933900
942,2021-09-10,126.699997,128.860001,125.349998,127.400002,126.966003,2287700
943,2021-09-13,128.259995,130.25,126.730003,130.210007,129.766434,1459800
944,2021-09-14,130.600006,132.110001,129.520004,131.820007,131.370941,1767300
945,2021-09-15,131.119995,131.860001,128.830002,131.399994,130.952377,1697200
946,2021-09-16,131.119995,132.559998,130.850006,132.020004,131.570267,972700
947,2021-09-17,132.119995,133.440002,130.839996,131.210007,130.763031,1748600
948,2021-09-20,129.199997,130.160004,126.980003,128.830002,128.391144,1976400
949,2021-09-21,130.110001,130.850006,127.690002,127.82,127.384575,1520700
950,2021-09-22,128.389999,130.070007,128.240005,129.190002,128.749924,1851700
951,2021-09-23,129.899994,135.100006,129.660004,134.490005,134.031845,2505800
952,2021-09-24,134.360001,136.309998,133.990005,135.479996,135.018463,2311800
953,2021-09-27,137.330002,139.369995,136.449997,138.800003,138.327179,2323600
954,2021-09-28,138.229996,140.210007,136.070007,136.550003,136.084824,2342900
955,2021-09-29,137.309998,137.360001,133.559998,135.160004,134.69957,2152600
956,2021-09-30,135.029999,135.029999,131.75,132.110001,131.659958,2415900
957,2021-10-01,134.770004,138.580002,134.130005,138.149994,137.679382,4563100
958,2021-10-04,138.460007,141.440002,136.919998,138.509995,138.038147,3687400
959,2021-10-05,138.75,140.830002,137.789993,139.75,139.273941,2028500
960,2021-10-06,137.949997,139.630005,135.699997,139.360001,138.885254,1751600
961,2021-10-07,140.860001,143.309998,140.130005,141.169998,140.689087,1503400
962,2021-10-08,141.369995,142.5,140.889999,141.509995,141.027924,1653900
963,2021-10-11,141.429993,143.809998,141.190002,142.850006,142.363358,1494900
964,2021-10-12,143.220001,145.110001,142.949997,144.699997,144.207062,2336500
965,2021-10-13,145.0,145.25,140.710007,140.830002,140.35025,2195100
966,2021-10-14,142.289993,142.559998,141.240005,141.580002,141.097702,1218200
967,2021-10-15,143.210007,145.449997,143.119995,144.520004,144.027679,1674700
968,2021-10-18,143.369995,144.75,142.720001,144.059998,143.569244,1074500
969,2021-10-19,144.979996,144.979996,140.789993,140.949997,140.469833,3772100
970,2021-10-20,140.529999,141.910004,139.490005,140.240005,139.762268,1501200
971,2021-10-21,140.089996,141.630005,139.759995,141.5,141.017975,1306800
972,2021-10-22,140.570007,142.759995,140.470001,141.660004,141.177429,1091000
973,2021-10-25,141.770004,143.029999,139.850006,142.169998,141.685669,1412300
974,2021-10-26,143.460007,145.25,143.020004,144.449997,143.957916,2642300
975,2021-10-27,141.080002,149.039993,140.410004,147.220001,146.718475,3504700
976,2021-10-28,148.350006,148.729996,145.589996,146.039993,145.54248,1620600
977,2021-10-29,145.580002,146.5,142.839996,143.949997,143.45961,2566000
978,2021-11-01,144.300003,145.509995,143.199997,144.779999,144.286789,4249400
979,2021-11-02,144.509995,144.960007,140.619995,141.339996,140.858521,2592200
980,2021-11-03,140.490005,146.809998,139.869995,145.240005,144.745224,2336200
981,2021-11-04,145.990005,148.089996,145.839996,147.440002,146.937729,1284900
982,2021-11-05,152.190002,153.839996,148.690002,151.839996,151.322739,3035100
983,2021-11-08,152.259995,154.399994,150.479996,151.169998,150.655029,1893700
984,2021-11-09,150.869995,151.979996,146.630005,148.460007,147.954269,1354600
985,2021-11-10,147.429993,149.190002,145.229996,146.529999,146.030838,1255900
986,2021-11-11,145.809998,147.149994,143.399994,143.580002,143.090897,1634100
987,2021-11-12,143.699997,145.460007,142.800003,143.470001,142.981262,1872500
988,2021-11-15,144.25,144.410004,142.419998,142.910004,142.423172,955600
989,2021-11-16,142.869995,144.289993,140.320007,141.740005,141.257156,2396700
990,2021-11-17,140.809998,144.729996,139.850006,144.529999,144.037643,2306000
991,2021-11-18,145.089996,145.889999,142.509995,143.589996,143.100845,1313400
992,2021-11-19,140.729996,145.139999,137.089996,144.369995,143.878174,3014500
993,2021-11-22,145.550003,145.679993,141.860001,143.869995,143.379883,2180600
994,2021-11-23,145.550003,146.830002,144.589996,145.729996,145.233551,1405600
995,2021-11-24,143.979996,146.369995,142.949997,145.289993,144.795059,1066900
996,2021-11-26,135.800003,136.600006,132.119995,136.210007,135.745987,3513600
997,2021-11-29,138.470001,140.399994,137.899994,138.070007,137.599655,2558000
998,2021-11-30,135.990005,137.429993,133.789993,135.070007,134.609879,2992400
999,2021-12-01,137.559998,138.600006,129.880005,129.960007,129.517288,3570800
1000,2021-12-02,131.660004,140.570007,130.970001,139.589996,139.114487,3150700
1001,2021-12-03,139.580002,140.399994,135.539993,138.740005,138.26738,2732500
1002,2021-12-06,141.520004,146.0,141.240005,144.309998,143.81839,1709900
1003,2021-12-07,145.880005,148.75,142.130005,143.149994,142.662338,1980100
1004,2021-12-08,144.419998,145.610001,142.020004,144.389999,143.898117,1508300
1005,2021-12-09,143.210007,145.029999,142.330002,144.309998,143.81839,881900
1006,2021-12-10,145.0,146.619995,142.410004,146.130005,145.632217,1443600
1007,2021-12-13,144.550003,144.649994,140.880005,142.410004,141.924866,1567900
1008,2021-12-14,142.119995,145.160004,141.389999,141.979996,141.496323,1581300
1009,2021-12-15,141.820007,142.360001,137.880005,140.289993,139.812073,1795600
1010,2021-12-16,141.100006,142.139999,138.960007,139.0,138.526489,1852100
1011,2021-12-17,138.5,141.759995,137.600006,140.940002,140.459885,3068300
1012,2021-12-20,139.0,141.259995,137.369995,140.369995,139.8918,2067200
1013,2021-12-21,142.550003,148.649994,142.320007,148.550003,148.043945,2214100
1014,2021-12-22,148.220001,153.470001,148.220001,152.740005,152.219681,3098700
1015,2021-12-23,154.009995,155.220001,152.509995,154.710007,154.182968,1384900
1016,2021-12-27,153.710007,155.440002,152.320007,155.289993,154.760986,906000
1017,2021-12-28,154.929993,156.009995,153.910004,155.020004,154.491913,965700
1018,2021-12-29,154.429993,155.809998,154.050003,155.369995,154.840714,893400
1019,2021-12-30,155.380005,156.690002,154.429993,154.979996,154.452042,1474200
1020,2021-12-31,154.830002,156.970001,154.580002,155.990005,155.458603,1187300
1021,2022-01-03,155.949997,157.149994,152.75,154.479996,153.953766,1712700
1022,2022-01-04,157.490005,159.210007,155.949997,155.960007,155.428726,2043100
1023,2022-01-05,156.220001,156.460007,151.779999,151.800003,151.282883,1339900
1024,2022-01-06,152.240005,153.600006,150.910004,152.179993,151.661575,1782200
1025,2022-01-07,152.570007,155.029999,151.970001,152.0,151.482193,2040200
1026,2022-01-10,150.839996,152.039993,146.039993,148.610001,148.10376,2652300
1027,2022-01-11,149.190002,153.509995,147.75,152.5,151.980499,3488300
1028,2022-01-12,153.929993,154.139999,149.710007,150.0,149.489014,2010200
1029,2022-01-13,150.589996,152.089996,149.059998,149.899994,149.389343,2234300
1030,2022-01-14,149.149994,149.429993,146.449997,147.979996,147.475891,2718500
1031,2022-01-18,146.300003,146.539993,143.779999,144.520004,144.027679,2852600
1032,2022-01-19,144.960007,145.559998,141.820007,142.210007,141.725555,3131300
1033,2022-01-20,143.059998,146.75,141.839996,142.240005,141.755447,2576400
1034,2022-01-21,142.25,145.179993,141.130005,142.259995,141.775375,3607400
1035,2022-01-24,138.240005,140.600006,134.559998,140.479996,140.001434,5057500
1036,2022-01-25,138.139999,143.5,134.529999,142.389999,141.904938,3976200
1037,2022-01-26,144.570007,148.820007,143.100006,144.820007,144.32666,2824300
1038,2022-01-27,145.759995,147.020004,136.889999,137.25,136.78244,3533500
1039,2022-01-28,138.220001,143.559998,136.720001,143.389999,142.901535,2367900
1040,2022-01-31,142.190002,145.440002,141.399994,145.110001,144.615677,1615300
1041,2022-02-01,145.929993,146.240005,143.580002,145.720001,145.223587,2772800
1042,2022-02-02,145.990005,145.990005,142.740005,144.589996,144.097443,2740300
1043,2022-02-03,144.169998,145.860001,142.649994,144.149994,143.658936,2838500
1044,2022-02-04,143.419998,147.139999,142.470001,145.5,145.004349,3169500
1045,2022-02-07,146.479996,149.470001,145.759995,148.639999,148.133636,2526200
1046,2022-02-08,149.25,153.699997,148.649994,153.380005,152.857513,3102300
1047,2022-02-09,154.850006,157.490005,152.889999,153.139999,152.618317,2709300
1048,2022-02-10,151.960007,156.490005,150.839996,154.199997,153.674698,2551100
1049,2022-02-11,154.690002,155.800003,149.25,149.529999,149.020615,2798400
1050,2022-02-14,149.759995,154.5,149.759995,151.429993,150.914124,4412100
1051,2022-02-15,153.990005,159.089996,153.990005,158.0,157.461761,4976700
1052,2022-02-16,157.899994,160.960007,155.0,156.339996,155.807419,4808600
1053,2022-02-17,154.130005,155.679993,150.029999,153.039993,152.518646,3131100
1054,2022-02-18,153.160004,154.490005,149.929993,150.410004,149.897614,2318000
1055,2022-02-22,150.0,150.600006,145.889999,147.160004,146.658691,2991400
1056,2022-02-23,148.330002,148.479996,143.070007,143.369995,142.881592,3147600
1057,2022-02-24,138.970001,146.660004,138.029999,146.089996,145.592346,3350000
1058,2022-02-25,147.0,150.679993,145.009995,150.669998,150.156723,1949000
1059,2022-02-28,147.220001,150.149994,144.880005,148.860001,148.352905,3213000
1060,2022-03-01,147.369995,148.220001,141.050003,142.169998,141.685669,3158400
1061,2022-03-02,143.800003,147.0,143.800003,145.910004,145.412949,2066600
1062,2022-03-03,148.130005,148.839996,141.0,142.009995,141.526215,2685700
1063,2022-03-04,139.929993,141.100006,133.259995,137.669998,137.201019,4509900
1064,2022-03-07,137.839996,138.0,128.770004,129.089996,128.650238,4207900
1065,2022-03-08,130.970001,138.190002,128.869995,133.919998,133.463791,5031700
1066,2022-03-09,138.5,140.669998,137.460007,138.520004,138.048111,3171000
1067,2022-03-10,135.490005,144.330002,135.199997,142.940002,142.453079,3309500
1068,2022-03-11,144.580002,145.800003,141.529999,141.770004,141.287048,1684700
1069,2022-03-14,143.190002,143.910004,140.25,141.559998,141.077759,1586700
1070,2022-03-15,143.490005,145.720001,142.419998,144.240005,143.748642,1581600
1071,2022-03-16,146.220001,151.089996,145.710007,150.789993,150.276306,4292600
1072,2022-03-17,147.639999,151.229996,147.639999,151.139999,150.625137,1668200
1073,2022-03-18,150.210007,153.25,149.220001,151.789993,151.272903,3060200
1074,2022-03-21,150.559998,151.100006,148.020004,150.350006,149.83783,1855900
1075,2022-03-22,151.710007,153.490005,149.710007,151.419998,150.904175,2190600
1076,2022-03-23,149.570007,150.850006,148.369995,148.410004,147.904434,1267500
1077,2022-03-24,148.410004,152.050003,147.759995,151.889999,151.372574,1179900
1078,2022-03-25,152.210007,153.839996,150.960007,151.5,150.983902,1074600
1079,2022-03-28,152.0,152.119995,149.009995,150.679993,150.166687,1250800
1080,2022-03-29,153.600006,156.070007,153.080002,155.309998,154.78093,2518400
1081,2022-03-30,153.820007,155.770004,152.520004,153.149994,152.628281,1709600
1082,2022-03-31,152.740005,155.100006,151.529999,151.740005,151.223099,1814800
1083,2022-04-01,153.110001,153.839996,149.850006,150.710007,150.196594,1465100
1084,2022-04-04,150.0,152.910004,148.979996,152.339996,151.82103,1775200
1085,2022-04-05,152.660004,153.649994,150.210007,151.550003,151.033737,1595700
1086,2022-04-06,150.009995,150.009995,144.809998,145.610001,145.113968,2031600
1087,2022-04-07,145.300003,146.440002,142.149994,145.550003,145.054169,3278700
1088,2022-04-08,144.710007,147.050003,143.839996,145.479996,144.984406,1646700
1089,2022-04-11,144.300003,147.190002,143.630005,143.699997,143.21048,1165000
1090,2022-04-12,145.0,146.949997,143.850006,144.880005,144.386459,1698100
1091,2022-04-13,146.410004,154.279999,145.669998,153.929993,153.405624,2502500
1092,2022-04-14,154.460007,157.330002,153.899994,155.580002,155.050003,2351200
1093,2022-04-18,155.740005,160.020004,155.059998,156.570007,156.036652,1463700
1094,2022-04-19,157.380005,163.350006,156.679993,163.139999,162.584244,2204000
1095,2022-04-20,163.800003,166.220001,162.770004,162.910004,162.355042,2113100
1096,2022-04-21,166.710007,167.990005,156.809998,156.960007,156.425308,2268000
1097,2022-04-22,156.0,157.490005,152.929993,153.350006,152.827606,1694100
1098,2022-04-25,152.960007,156.279999,150.600006,155.940002,155.408783,2331000
1099,2022-04-26,155.110001,156.850006,151.289993,151.720001,151.20314,1847200
1100,2022-04-27,151.690002,157.75,150.919998,157.059998,156.524963,2516000
1101,2022-04-28,158.830002,162.550003,156.699997,161.220001,160.670792,1777700
1102,2022-04-29,161.039993,162.059998,154.929993,155.289993,154.760986,2194400
1103,2022-05-02,158.029999,158.779999,150.830002,155.410004,154.880585,3287800
1104,2022-05-03,153.119995,154.699997,145.660004,148.960007,148.452545,5154900
1105,2022-05-04,148.990005,151.639999,143.740005,151.389999,150.874268,3773900
1106,2022-05-05,149.570007,153.139999,148.229996,149.889999,149.379395,3921800
1107,2022-05-06,149.75,150.0,142.160004,143.479996,142.991211,3611500
1108,2022-05-09,142.550003,142.559998,132.5,133.309998,132.855865,4418900
1109,2022-05-10,135.860001,139.800003,135.059998,137.789993,137.320602,3207800
1110,2022-05-11,137.970001,140.910004,133.990005,134.509995,134.051788,2720600
1111,2022-05-12,134.279999,135.770004,129.270004,132.429993,131.978867,2247500
1112,2022-05-13,134.919998,137.279999,134.330002,136.589996,136.124695,2087400
1113,2022-05-16,135.460007,136.199997,132.539993,132.850006,132.397446,2266100
1114,2022-05-17,136.050003,136.860001,133.0,135.080002,134.619843,2306500
1115,2022-05-18,133.110001,134.289993,126.919998,128.660004,128.22171,3520600
1116,2022-05-19,127.489998,133.899994,127.349998,131.710007,131.261337,2469000
1117,2022-05-20,133.619995,134.289993,128.360001,130.279999,129.836182,2677900
1118,2022-05-23,131.490005,132.949997,128.729996,132.350006,131.899155,1813100
1119,2022-05-24,130.669998,130.990005,126.279999,128.279999,127.84301,1814400
1120,2022-05-25,128.320007,132.389999,127.209999,131.740005,131.291214,2557300
1121,2022-05-26,133.470001,139.649994,132.949997,138.470001,138.155594,2623500
1122,2022-05-27,139.339996,144.610001,139.339996,142.25,141.927017,1860600
1123,2022-05-31,140.630005,141.770004,139.229996,140.860001,140.540176,3310700
1124,2022-06-01,141.110001,142.539993,136.509995,138.419998,138.105713,1455600
1125,2022-06-02,138.25,142.399994,138.169998,142.289993,141.966919,1302700
1126,2022-06-03,140.339996,143.080002,139.960007,142.169998,141.847198,1067900
1127,2022-06-06,143.729996,145.699997,141.949997,144.419998,144.092087,1579500
1128,2022-06-07,142.320007,144.130005,140.570007,143.820007,143.493454,1162000
1129,2022-06-08,141.830002,142.880005,140.279999,140.710007,140.390518,1479100
1130,2022-06-09,140.050003,140.050003,135.789993,135.800003,135.491653,1714900
1131,2022-06-10,132.399994,134.449997,127.410004,127.470001,127.180573,2931900
1132,2022-06-13,123.650002,123.82,119.349998,120.849998,120.575607,3183900
1133,2022-06-14,120.790001,122.029999,117.970001,119.139999,118.869492,2469400
1134,2022-06-15,121.309998,123.620003,120.260002,121.889999,121.613243,2472300
1135,2022-06-16,118.459999,119.010002,114.650002,115.419998,115.157928,2640500
1136,2022-06-17,116.300003,117.339996,113.650002,116.279999,116.015984,2680900
1137,2022-06-21,118.360001,118.360001,114.139999,114.440002,114.180161,2046700
1138,2022-06-22,113.160004,114.440002,111.169998,112.019997,111.765648,3303100
1139,2022-06-23,112.690002,112.790001,108.709999,110.519997,110.269058,3705800
1140,2022-06-24,112.410004,117.940002,111.879997,116.709999,116.445,2588300
1141,2022-06-27,116.68,119.0,115.370003,117.029999,116.764275,2210300
1142,2022-06-28,117.870003,121.309998,115.199997,115.279999,115.01825,1870800
1143,2022-06-29,114.699997,115.419998,111.75,113.059998,112.803291,2794200
1144,2022-06-30,111.040001,113.199997,109.139999,111.440002,111.186974,3915700
1145,2022-07-01,111.089996,113.050003,110.370003,112.989998,112.733452,1827800
1146,2022-07-05,110.25,112.239998,109.269997,112.029999,111.775627,2421000
1147,2022-07-06,112.18,113.309998,108.410004,109.75,109.500809,2153800
1148,2022-07-07,111.400002,114.769997,110.779999,113.900002,113.641388,2718600
1149,2022-07-08,113.360001,113.550003,110.599998,111.589996,111.336624,1918300
1150,2022-07-11,111.099998,111.910004,109.57,111.589996,111.336624,1725400
1151,2022-07-12,112.300003,114.470001,111.989998,112.639999,112.384239,2678400
1152,2022-07-13,110.010002,115.199997,109.610001,114.120003,113.860886,2965500
1153,2022-07-14,112.18,114.120003,111.110001,113.309998,113.052727,2966000
1154,2022-07-15,115.169998,117.089996,114.080002,116.339996,116.075844,2191600
1155,2022-07-18,117.720001,120.330002,116.870003,117.419998,117.153389,2267700
1156,2022-07-19,119.529999,122.260002,119.529999,121.410004,121.134338,1830600
1157,2022-07-20,120.519997,123.610001,120.169998,122.690002,122.41143,1528600
1158,2022-07-21,120.540001,122.639999,119.059998,121.970001,121.693062,1685000
1159,2022-07-22,122.540001,125.099998,120.300003,120.830002,120.555656,2109900
1160,2022-07-25,121.309998,122.379997,119.580002,122.190002,121.912567,1553100
1161,2022-07-26,121.290001,121.889999,120.080002,120.220001,119.947037,2204000
1162,2022-07-27,126.339996,130.270004,125.099998,129.25,128.956528,4455700
1163,2022-07-28,129.220001,130.169998,125.720001,128.0,127.709373,2608600
1164,2022-07-29,127.900002,128.539993,126.410004,128.070007,127.779221,1782000
1165,2022-08-01,127.099998,129.199997,126.059998,128.690002,128.397812,1802500
1166,2022-08-02,127.760002,130.529999,126.75,128.679993,128.387817,2099200
1167,2022-08-03,129.330002,131.910004,129.330002,130.970001,130.672623,1628500
1168,2022-08-04,130.410004,131.110001,129.199997,131.050003,130.752457,1358000
1169,2022-08-05,129.520004,131.910004,129.369995,130.320007,130.024109,1149600
1170,2022-08-08,131.75,132.960007,130.619995,130.720001,130.423203,1170700
1171,2022-08-09,130.580002,131.470001,128.860001,131.449997,131.151535,1219100
1172,2022-08-10,134.789993,135.179993,133.320007,133.660004,133.356522,1069200
1173,2022-08-11,135.809998,136.669998,134.080002,134.690002,134.384186,1051100
1174,2022-08-12,135.389999,137.509995,134.550003,137.440002,137.12793,1195900
1175,2022-08-15,136.279999,138.460007,136.279999,137.020004,136.708893,940700
1176,2022-08-16,136.220001,139.240005,136.220001,139.020004,138.704361,1159500
1177,2022-08-17,136.919998,137.970001,136.289993,137.460007,137.147903,1292700
1178,2022-08-18,137.110001,138.850006,136.899994,138.770004,138.45491,943900
1179,2022-08-19,136.759995,137.660004,135.169998,135.479996,135.172379,1718600
1180,2022-08-22,132.199997,133.820007,131.229996,131.580002,131.281235,1472900
1181,2022-08-23,132.270004,133.979996,132.080002,132.279999,131.97966,1242000
1182,2022-08-24,132.039993,134.300003,132.039993,133.300003,132.997345,1030200
1183,2022-08-25,134.330002,136.199997,134.149994,136.080002,135.923981,1046400
1184,2022-08-26,136.020004,136.589996,131.020004,131.089996,130.939697,1232500
1185,2022-08-29,129.779999,131.059998,129.070007,129.470001,129.321564,1458500
1186,2022-08-30,130.360001,131.330002,126.470001,126.830002,126.684586,2416400
1187,2022-08-31,127.139999,129.369995,126.769997,127.360001,127.213974,2305500
1188,2022-09-01,126.010002,127.790001,124.040001,127.669998,127.523621,1670800
1189,2022-09-02,129.779999,130.490005,126.910004,127.489998,127.343826,1398100
1190,2022-09-06,127.839996,129.25,125.0,126.870003,126.724541,1594600
1191,2022-09-07,127.050003,131.5,127.050003,131.179993,131.029587,1364500
1192,2022-09-08,129.789993,133.020004,129.0,132.970001,132.817551,2323000
1193,2022-09-09,134.139999,136.729996,133.710007,135.910004,135.754181,1993200
1194,2022-09-12,137.369995,137.970001,136.039993,136.649994,136.493317,1235300
1195,2022-09-13,132.559998,133.960007,129.820007,130.460007,130.310425,2134000
1196,2022-09-14,131.089996,134.949997,129.380005,134.830002,134.675415,1820300
1197,2022-09-15,135.580002,137.970001,134.690002,135.240005,135.084946,2251300
1198,2022-09-16,134.020004,134.020004,129.160004,130.800003,130.65004,3409600
1199,2022-09-19,128.880005,132.949997,128.800003,132.300003,132.148315,1503800
1200,2022-09-20,131.589996,133.289993,130.25,131.679993,131.529007,1349600
1201,2022-09-21,131.580002,131.600006,124.629997,124.629997,124.487099,2325900
1202,2022-09-22,124.629997,124.629997,118.43,119.419998,119.283073,3680000
1203,2022-09-23,118.029999,118.779999,116.389999,118.330002,118.194328,4408100
1204,2022-09-26,118.830002,119.900002,116.900002,117.480003,117.345306,1984200
1205,2022-09-27,120.160004,120.940002,116.889999,118.169998,118.034508,2605900
1206,2022-09-28,118.529999,124.349998,117.940002,123.669998,123.528206,1948800
1207,2022-09-29,121.690002,123.089996,119.910004,121.860001,121.720284,1783100
1208,2022-09-30,120.529999,123.720001,120.019997,120.620003,120.481705,1834700
1209,2022-10-03,123.32,123.32,119.540001,121.769997,121.630379,2054800
1210,2022-10-04,124.019997,127.540001,124.019997,125.970001,125.825569,1573400
1211,2022-10-05,124.220001,126.440002,123.309998,125.919998,125.775627,1651700
1212,2022-10-06,125.550003,126.889999,122.949997,123.349998,123.208572,1448700
1213,2022-10-07,121.449997,121.970001,119.199997,121.370003,121.230843,1587500
1214,2022-10-10,122.029999,122.839996,118.82,120.330002,120.192039,1350200
1215,2022-10-11,120.660004,120.959999,116.589996,117.879997,117.744843,1783600
1216,2022-10-12,117.309998,122.019997,116.629997,121.0,120.861267,1638600
1217,2022-10-13,118.32,123.599998,117.25,123.099998,122.958855,1813100
1218,2022-10-14,125.300003,126.830002,122.220001,122.580002,122.439461,1410100
1219,2022-10-17,124.699997,127.480003,124.68,126.410004,126.265068,1648600
1220,2022-10-18,130.0,131.649994,127.419998,128.600006,128.45256,1649700
1221,2022-10-19,127.800003,130.440002,127.300003,128.699997,128.552429,1409300
1222,2022-10-20,129.240005,131.429993,126.199997,126.550003,126.404907,1867100
1223,2022-10-21,126.589996,132.119995,126.129997,131.229996,131.079529,2223100
1224,2022-10-24,131.940002,133.649994,128.960007,130.630005,130.480225,2639600
1225,2022-10-25,130.509995,132.410004,129.130005,130.639999,130.490219,2648500
1226,2022-10-26,131.580002,134.889999,127.709999,129.990005,129.840958,3590500
1227,2022-10-27,131.149994,134.610001,131.149994,133.399994,133.24704,2598200
1228,2022-10-28,133.619995,135.289993,131.720001,134.639999,134.485626,1671800
1229,2022-10-31,134.770004,138.0,134.270004,135.259995,135.104904,2701800
1230,2022-11-01,136.649994,137.490005,133.610001,133.740005,133.58667,1785900
1231,2022-11-02,133.0,134.440002,129.630005,129.729996,129.581253,1926600
1232,2022-11-03,128.029999,129.869995,126.279999,128.5,128.352661,2162400
1233,2022-11-04,131.389999,133.889999,128.990005,130.009995,129.860931,3185600
1234,2022-11-07,130.139999,130.759995,126.389999,128.869995,128.722244,3028000
1235,2022-11-08,129.419998,132.429993,128.899994,130.830002,130.679993,1641400
1236,2022-11-09,129.229996,132.210007,128.940002,129.889999,129.889999,1894800
1237,2022-11-10,135.089996,137.289993,135.089996,136.619995,136.619995,1803100
1238,2022-11-11,138.5,142.419998,137.759995,140.630005,140.630005,2808200
1239,2022-11-14,140.039993,141.5,138.669998,138.759995,138.759995,1973800
1240,2022-11-15,140.5,142.309998,137.779999,138.539993,138.539993,2612500
1241,2022-11-16,137.389999,139.259995,136.410004,138.380005,138.380005,1498400
1242,2022-11-17,135.850006,138.100006,135.380005,137.960007,137.960007,1393400
1243,2022-11-18,139.979996,140.820007,138.369995,139.509995,139.509995,1095900
1244,2022-11-21,139.110001,140.059998,137.059998,137.910004,137.910004,1123600
1245,2022-11-22,138.630005,140.320007,137.899994,139.990005,139.990005,1233000
1246,2022-11-23,140.089996,141.020004,138.350006,138.539993,138.539993,1184700
1247,2022-11-25,138.300003,139.300003,137.089996,138.25,138.25,977600
1248,2022-11-28,136.399994,137.729996,135.410004,137.0,137.0,1760600
1249,2022-11-29,137.190002,139.289993,137.020004,138.75,138.75,1630300
1250,2022-11-30,139.199997,142.660004,138.380005,142.619995,142.619995,2455000
1251,2022-12-01,143.119995,143.770004,141.820007,142.300003,142.300003,1136700
1252,2022-12-02,140.300003,141.770004,140.199997,141.419998,141.419998,1010600
1253,2022-12-05,140.809998,141.509995,138.970001,139.139999,139.139999,1266200
1254,2022-12-06,139.100006,139.889999,136.059998,137.570007,137.570007,1216600
1255,2022-12-07,136.100006,136.699997,133.839996,134.320007,134.320007,2192700
1256,2022-12-08,135.309998,137.490005,135.309998,137.160004,137.160004,1468800
1257,2022-12-09,136.830002,138.130005,136.600006,137.429993,137.429993,1419600
